,engagement_id,customer_id,service_id,quantity,billed_amount,engagement_date,recorded_by
0,ENG10000,CUST1051,PROD015,3,77303.63,2023-04-30,FinMark BI Team
1,ENG10001,CUST1092,PROD004,1,69271.9,2025-01-12,FinMark BI Team
2,ENG10002,CUST1014,PROD012,3,20093.91,2023-08-07,FinMark BI Team
4,ENG10004,CUST1060,PROD002,2 units,23068.12,2022-08-24,FinMark BI Team
5,ENG10005,CUST1020,PROD019,3,35456.43,2022-02-25,FinMark BI Team
6,ENG10006,CUST1082,PROD019,1,23571.48,2022-12-26,FinMark BI Team
7,ENG10007,CUST1086,PROD004,1,56227.73,2022-04-20,FinMark BI Team
8,ENG10008,CUST1074,PROD004,2 units,61195.39,2022-07-11,FinMark BI Team
9,ENG10009,CUST1074,PROD011,3,26869.26,2024-06-22,FinMark BI Team
10,ENG10010,CUST1087,PROD005,3,43030.33,2025-01-21,FinMark BI Team
11,ENG10011,CUST1099,PROD020,1,47374.19,2024-05-11,FinMark BI Team
12,ENG10012,CUST1023,PROD011,3,42143.18,2023-07-22,FinMark BI Team
13,ENG10013,CUST1002,PROD010,3,27261.5,2024-12-19,FinMark BI Team
14,ENG10014,CUST1021,PROD008,3,45136.87,2023-10-12,FinMark BI Team
15,ENG10015,CUST1052,PROD006,2,65070.68,2022-02-08,FinMark BI Team
16,ENG10016,CUST1001,PROD006,2 units,24260.46,2024-12-08,FinMark BI Team
18,ENG10018,CUST1029,PROD015,2 units,41286.28,2023-09-29,FinMark BI Team
19,ENG10019,CUST1037,PROD014,1,76503.54,2024-11-02,FinMark BI Team
20,ENG10020,CUST1001,PROD011,3,60114.36,2022-02-05,FinMark BI Team
21,ENG10021,CUST1063,PROD012,2 units,60720.2,2022-04-11,FinMark BI Team
22,ENG10022,CUST1059,PROD013,2,41715.2,2025-01-14,FinMark BI Team
23,ENG10023,CUST1020,PROD008,3,55619.65,2025-05-31,FinMark BI Team
25,ENG10025,CUST1075,PROD001,2 units,58165.76,2022-06-15,FinMark BI Team
26,ENG10026,CUST1057,PROD015,2 units,74797.22,2023-01-18,FinMark BI Team
28,ENG10028,CUST1088,PROD011,3,72421.92,2024-02-29,FinMark BI Team
29,ENG10029,CUST1048,PROD012,2,63438.38,2022-01-31,FinMark BI Team
31,ENG10031,CUST1058,PROD004,2 units,74147.2,2022-01-11,FinMark BI Team
33,ENG10033,CUST1091,PROD004,1,52038.05,2022-04-06,FinMark BI Team
34,ENG10034,CUST1059,PROD005,2,28528.23,2025-04-28,FinMark BI Team
35,ENG10035,CUST1079,PROD005,1,20702.4,2023-03-29,FinMark BI Team
36,ENG10036,CUST1014,PROD008,2,45322.06,2022-07-11,FinMark BI Team
37,ENG10037,CUST1061,PROD010,2 units,37702.44,2023-05-01,FinMark BI Team
40,ENG10040,CUST1061,PROD019,2 units,22624.34,2025-02-25,FinMark BI Team
41,ENG10041,CUST1050,PROD014,1,27380.2,2022-08-26,FinMark BI Team
43,ENG10043,CUST1063,PROD009,2,40590.04,2025-02-09,FinMark BI Team
45,ENG10045,CUST1050,PROD001,1,59137.5,2025-03-14,FinMark BI Team
46,ENG10046,CUST1006,PROD014,2,70736.26,2024-12-24,FinMark BI Team
48,ENG10048,CUST1072,PROD014,2,45795.86,2024-01-05,FinMark BI Team
49,ENG10049,CUST1038,PROD004,3,60378.0,2024-09-17,FinMark BI Team
50,ENG10050,CUST1017,PROD001,2 units,36522.87,2024-04-04,FinMark BI Team
51,ENG10051,CUST1003,PROD019,1,38378.81,2022-04-16,FinMark BI Team
52,ENG10052,CUST1088,PROD008,1,67339.11,2022-06-30,FinMark BI Team
53,ENG10053,CUST1059,PROD015,1,46785.17,2022-07-03,FinMark BI Team
54,ENG10054,CUST1013,PROD015,1,67902.82,2022-08-14,FinMark BI Team
55,ENG10055,CUST1008,PROD009,2,69345.34,2024-02-16,FinMark BI Team
56,ENG10056,CUST1089,PROD009,2,71453.74,2024-02-29,FinMark BI Team
57,ENG10057,CUST1052,PROD010,1,74998.11,2025-01-17,FinMark BI Team
58,ENG10058,CUST1001,PROD020,1,45859.11,2023-11-19,FinMark BI Team
59,ENG10059,CUST1083,PROD009,1,39132.01,2023-06-14,FinMark BI Team
61,ENG10061,CUST1059,PROD020,1,42270.35,2024-08-29,FinMark BI Team
62,ENG10062,CUST1070,PROD011,1,56064.45,2024-07-24,FinMark BI Team
64,ENG10064,CUST1007,PROD002,3,61304.3,2022-04-16,FinMark BI Team
66,ENG10066,CUST1034,PROD018,2 units,30011.61,2024-04-10,FinMark BI Team
67,ENG10067,CUST1077,PROD002,1,45831.76,2023-11-10,FinMark BI Team
68,ENG10068,CUST1080,PROD017,3,28555.65,2024-04-28,FinMark BI Team
69,ENG10069,CUST1035,PROD011,2 units,73405.82,2024-11-21,FinMark BI Team
70,ENG10070,CUST1049,PROD012,2 units,40752.65,2023-01-28,FinMark BI Team
71,ENG10071,CUST1003,PROD019,1,29267.58,2022-02-09,FinMark BI Team
72,ENG10072,CUST1001,PROD007,3,21526.87,2023-10-22,FinMark BI Team
73,ENG10073,CUST1005,PROD020,3,58749.34,2025-05-26,FinMark BI Team
74,ENG10074,CUST1053,PROD006,2 units,58214.14,2024-09-07,FinMark BI Team
75,ENG10075,CUST1003,PROD001,1,40436.25,2025-01-10,FinMark BI Team
76,ENG10076,CUST1053,PROD017,2,24302.71,2024-04-24,FinMark BI Team
77,ENG10077,CUST1092,PROD011,2,44577.73,2022-07-20,FinMark BI Team
78,ENG10078,CUST1062,PROD018,3,38673.05,2023-03-23,FinMark BI Team
80,ENG10080,CUST1089,PROD007,3,56346.75,2024-11-27,FinMark BI Team
81,ENG10081,CUST1043,PROD017,3,41875.62,2025-05-19,FinMark BI Team
82,ENG10082,CUST1033,PROD020,3,33073.55,2023-03-20,FinMark BI Team
84,ENG10084,CUST1061,PROD017,3,47240.1,2024-01-31,FinMark BI Team
85,ENG10085,CUST1099,PROD020,2 units,61296.45,2022-08-15,FinMark BI Team
86,ENG10086,CUST1013,PROD008,1,28433.18,2022-02-17,FinMark BI Team
87,ENG10087,CUST1094,PROD017,1,49135.38,2024-11-07,FinMark BI Team
88,ENG10088,CUST1047,PROD007,3,21652.2,2024-06-30,FinMark BI Team
89,ENG10089,CUST1014,PROD001,1,50327.31,2022-07-06,FinMark BI Team
90,ENG10090,CUST1071,PROD013,2,77841.04,2022-12-11,FinMark BI Team
91,ENG10091,CUST1077,PROD019,2,43052.4,2022-08-12,FinMark BI Team
92,ENG10092,CUST1086,PROD019,1,22339.76,2024-04-09,FinMark BI Team
93,ENG10093,CUST1061,PROD017,2,21857.35,2023-05-03,FinMark BI Team
94,ENG10094,CUST1039,PROD013,1,43279.21,2024-05-26,FinMark BI Team
95,ENG10095,CUST1084,PROD016,1,29601.5,2024-04-28,FinMark BI Team
98,ENG10098,CUST1052,PROD018,1,47511.38,2024-09-05,FinMark BI Team
99,ENG10099,CUST1023,PROD001,3,37354.69,2024-10-13,FinMark BI Team
100,ENG10100,CUST1025,PROD014,1,74004.99,2022-07-07,FinMark BI Team
101,ENG10101,CUST1088,PROD019,1,26968.34,2022-09-27,FinMark BI Team
102,ENG10102,CUST1059,PROD015,1,77355.13,2022-11-06,FinMark BI Team
103,ENG10103,CUST1040,PROD018,2,38838.0,2025-03-01,FinMark BI Team
104,ENG10104,CUST1028,PROD002,3,73304.22,2024-12-31,FinMark BI Team
105,ENG10105,CUST1014,PROD017,3,56176.57,2024-04-24,FinMark BI Team
106,ENG10106,CUST1044,PROD018,1,69602.44,2025-04-25,FinMark BI Team
107,ENG10107,CUST1064,PROD006,1,79040.79,2023-05-01,FinMark BI Team
108,ENG10108,CUST1088,PROD019,2,37304.33,2025-04-29,FinMark BI Team
110,ENG10110,CUST1008,PROD001,2,43368.91,2022-04-30,FinMark BI Team
111,ENG10111,CUST1087,PROD008,3,43130.71,2022-08-08,FinMark BI Team
112,ENG10112,CUST1000,PROD007,3,40423.23,2022-02-22,FinMark BI Team
115,ENG10115,CUST1062,PROD010,3,53222.69,2024-01-28,FinMark BI Team
116,ENG10116,CUST1010,PROD019,2 units,52502.29,2024-01-08,FinMark BI Team
117,ENG10117,CUST1080,PROD014,2 units,65714.11,2023-12-21,FinMark BI Team
118,ENG10118,CUST1007,PROD002,2,70019.0,2023-02-10,FinMark BI Team
119,ENG10119,CUST1034,PROD001,3,46426.48,2023-08-31,FinMark BI Team
120,ENG10120,CUST1034,PROD018,2 units,38139.99,2024-10-17,FinMark BI Team
121,ENG10121,CUST1032,PROD007,2,35560.09,2023-02-26,FinMark BI Team
122,ENG10122,CUST1004,PROD008,3,31677.43,2023-12-13,FinMark BI Team
123,ENG10123,CUST1040,PROD001,1,23458.85,2022-09-04,FinMark BI Team
124,ENG10124,CUST1027,PROD003,2 units,40546.88,2022-03-13,FinMark BI Team
125,ENG10125,CUST1006,PROD008,1,36214.86,2022-07-04,FinMark BI Team
126,ENG10126,CUST1072,PROD015,3,77985.04,2022-01-06,FinMark BI Team
127,ENG10127,CUST1071,PROD005,2 units,53462.53,2025-05-14,FinMark BI Team
128,ENG10128,CUST1011,PROD003,3,40836.62,2024-06-24,FinMark BI Team
129,ENG10129,CUST1033,PROD019,1,54828.06,2023-01-22,FinMark BI Team
130,ENG10130,CUST1032,PROD001,2 units,28351.8,2023-11-30,FinMark BI Team
131,ENG10131,CUST1047,PROD015,1,46642.62,2025-01-04,FinMark BI Team
132,ENG10132,CUST1022,PROD008,3,57574.06,2025-04-15,FinMark BI Team
133,ENG10133,CUST1061,PROD002,3,49333.87,2024-04-06,FinMark BI Team
134,ENG10134,CUST1087,PROD003,1,44106.73,2022-12-15,FinMark BI Team
136,ENG10136,CUST1098,PROD014,1,72818.89,2022-11-04,FinMark BI Team
138,ENG10138,CUST1085,PROD016,1,54162.64,2025-02-24,FinMark BI Team
139,ENG10139,CUST1090,PROD004,3,57239.63,2022-10-14,FinMark BI Team
140,ENG10140,CUST1034,PROD020,1,32078.73,2024-02-05,FinMark BI Team
141,ENG10141,CUST1064,PROD005,2 units,43708.26,2023-12-26,FinMark BI Team
142,ENG10142,CUST1098,PROD014,2 units,22367.57,2024-02-01,FinMark BI Team
143,ENG10143,CUST1046,PROD016,1,48532.76,2023-01-18,FinMark BI Team
145,ENG10145,CUST1002,PROD007,2 units,33664.98,2023-01-23,FinMark BI Team
146,ENG10146,CUST1000,PROD010,3,77841.73,2023-06-09,FinMark BI Team
147,ENG10147,CUST1004,PROD007,2 units,74567.28,2023-10-01,FinMark BI Team
148,ENG10148,CUST1089,PROD001,3,63328.59,2024-07-26,FinMark BI Team
149,ENG10149,CUST1013,PROD019,1,52003.2,2022-10-03,FinMark BI Team
150,ENG10150,CUST1026,PROD016,1,72198.15,2023-05-15,FinMark BI Team
151,ENG10151,CUST1008,PROD019,3,27839.14,2023-12-18,FinMark BI Team
152,ENG10152,CUST1078,PROD004,1,67430.59,2022-12-03,FinMark BI Team
153,ENG10153,CUST1014,PROD018,3,27489.25,2024-07-20,FinMark BI Team
154,ENG10154,CUST1089,PROD002,2,67652.64,2023-04-26,FinMark BI Team
155,ENG10155,CUST1041,PROD001,2 units,36546.05,2024-06-29,FinMark BI Team
157,ENG10157,CUST1050,PROD005,3,76642.53,2024-12-17,FinMark BI Team
159,ENG10159,CUST1095,PROD011,3,47760.54,2022-04-19,FinMark BI Team
161,ENG10161,CUST1095,PROD002,2 units,49004.45,2022-11-24,FinMark BI Team
162,ENG10162,CUST1003,PROD003,2 units,71812.85,2022-11-11,FinMark BI Team
163,ENG10163,CUST1093,PROD012,2 units,55323.89,2025-02-08,FinMark BI Team
164,ENG10164,CUST1022,PROD020,3,42519.79,2023-11-30,FinMark BI Team
165,ENG10165,CUST1014,PROD005,2 units,37147.01,2024-02-20,FinMark BI Team
167,ENG10167,CUST1028,PROD006,2,65707.89,2022-06-05,FinMark BI Team
169,ENG10169,CUST1012,PROD002,1,50676.53,2024-06-05,FinMark BI Team
170,ENG10170,CUST1031,PROD012,2,49539.53,2024-10-22,FinMark BI Team
171,ENG10171,CUST1070,PROD003,2,54636.74,2024-01-28,FinMark BI Team
172,ENG10172,CUST1058,PROD020,3,71934.63,2023-12-23,FinMark BI Team
173,ENG10173,CUST1085,PROD012,3,78844.36,2024-07-01,FinMark BI Team
175,ENG10175,CUST1065,PROD010,2,69651.14,2024-05-20,FinMark BI Team
176,ENG10176,CUST1041,PROD014,2,65871.67,2022-01-13,FinMark BI Team
177,ENG10177,CUST1044,PROD017,2 units,54411.74,2023-08-31,FinMark BI Team
178,ENG10178,CUST1061,PROD018,3,77362.83,2023-05-13,FinMark BI Team
179,ENG10179,CUST1056,PROD019,3,32028.47,2022-08-26,FinMark BI Team
180,ENG10180,CUST1005,PROD017,3,26555.85,2025-01-22,FinMark BI Team
182,ENG10182,CUST1027,PROD009,2 units,46348.99,2024-02-20,FinMark BI Team
183,ENG10183,CUST1043,PROD008,3,70818.13,2025-04-09,FinMark BI Team
184,ENG10184,CUST1083,PROD002,3,73585.41,2023-08-29,FinMark BI Team
185,ENG10185,CUST1029,PROD013,3,23747.46,2023-10-23,FinMark BI Team
186,ENG10186,CUST1061,PROD007,1,73007.89,2024-04-28,FinMark BI Team
187,ENG10187,CUST1074,PROD009,1,46899.14,2024-07-24,FinMark BI Team
188,ENG10188,CUST1091,PROD011,2,50625.95,2023-09-20,FinMark BI Team
189,ENG10189,CUST1088,PROD014,2 units,57595.55,2022-05-23,FinMark BI Team
190,ENG10190,CUST1061,PROD004,2,75582.96,2025-05-09,FinMark BI Team
191,ENG10191,CUST1096,PROD013,2 units,21146.97,2025-04-18,FinMark BI Team
192,ENG10192,CUST1000,PROD002,1,48610.61,2023-12-15,FinMark BI Team
194,ENG10194,CUST1061,PROD011,2,63362.42,2023-04-24,FinMark BI Team
195,ENG10195,CUST1076,PROD006,3,61551.95,2023-07-19,FinMark BI Team
196,ENG10196,CUST1002,PROD018,2,28066.11,2023-04-16,FinMark BI Team
197,ENG10197,CUST1069,PROD010,1,37963.74,2023-01-19,FinMark BI Team
198,ENG10198,CUST1071,PROD004,1,41522.93,2024-07-14,FinMark BI Team
199,ENG10199,CUST1026,PROD009,1,68266.23,2023-02-21,FinMark BI Team
200,ENG10200,CUST1008,PROD006,2,36725.59,2022-11-04,FinMark BI Team
201,ENG10201,CUST1061,PROD002,2 units,32642.3,2023-10-11,FinMark BI Team
203,ENG10203,CUST1096,PROD005,2 units,20531.8,2024-10-21,FinMark BI Team
204,ENG10204,CUST1050,PROD006,2,79869.25,2024-12-03,FinMark BI Team
205,ENG10205,CUST1043,PROD012,2,60609.28,2024-01-09,FinMark BI Team
206,ENG10206,CUST1023,PROD010,1,69708.16,2025-01-26,FinMark BI Team
208,ENG10208,CUST1058,PROD008,3,20858.92,2022-05-20,FinMark BI Team
210,ENG10210,CUST1095,PROD012,3,70048.68,2024-08-31,FinMark BI Team
211,ENG10211,CUST1087,PROD013,2,64428.57,2024-10-13,FinMark BI Team
212,ENG10212,CUST1051,PROD007,2,28571.02,2024-08-10,FinMark BI Team
213,ENG10213,CUST1061,PROD010,1,65205.68,2024-06-22,FinMark BI Team
214,ENG10214,CUST1057,PROD013,1,66135.37,2022-03-13,FinMark BI Team
215,ENG10215,CUST1051,PROD017,3,59512.43,2025-04-28,FinMark BI Team
218,ENG10218,CUST1001,PROD011,3,56816.25,2022-04-17,FinMark BI Team
220,ENG10220,CUST1055,PROD019,3,49257.67,2024-12-01,FinMark BI Team
221,ENG10221,CUST1080,PROD004,2,24658.96,2024-06-01,FinMark BI Team
222,ENG10222,CUST1058,PROD019,2 units,44452.58,2022-05-19,FinMark BI Team
223,ENG10223,CUST1001,PROD011,2,44426.39,2023-09-07,FinMark BI Team
224,ENG10224,CUST1001,PROD008,2 units,23960.59,2024-05-12,FinMark BI Team
225,ENG10225,CUST1091,PROD011,1,40929.23,2022-09-30,FinMark BI Team
226,ENG10226,CUST1053,PROD004,3,26659.89,2023-02-20,FinMark BI Team
227,ENG10227,CUST1086,PROD017,2,68494.11,2023-05-21,FinMark BI Team
228,ENG10228,CUST1095,PROD007,2 units,76861.28,2024-01-03,FinMark BI Team
229,ENG10229,CUST1096,PROD008,1,24338.99,2023-02-28,FinMark BI Team
231,ENG10231,CUST1018,PROD002,3,51354.6,2023-01-25,FinMark BI Team
232,ENG10232,CUST1001,PROD015,2 units,37973.94,2022-12-08,FinMark BI Team
233,ENG10233,CUST1052,PROD005,2,24611.72,2024-08-03,FinMark BI Team
234,ENG10234,CUST1043,PROD001,3,50037.46,2023-09-06,FinMark BI Team
235,ENG10235,CUST1089,PROD004,2,67670.93,2023-05-08,FinMark BI Team
236,ENG10236,CUST1031,PROD015,1,62425.19,2022-07-11,FinMark BI Team
237,ENG10237,CUST1069,PROD020,2,23013.56,2023-05-14,FinMark BI Team
238,ENG10238,CUST1031,PROD019,2,24374.11,2024-04-01,FinMark BI Team
240,ENG10240,CUST1054,PROD020,2,37717.43,2022-08-15,FinMark BI Team
242,ENG10242,CUST1055,PROD017,1,36860.27,2022-05-19,FinMark BI Team
243,ENG10243,CUST1016,PROD013,3,68208.96,2024-05-05,FinMark BI Team
244,ENG10244,CUST1037,PROD011,3,75753.68,2024-03-27,FinMark BI Team
245,ENG10245,CUST1023,PROD002,2 units,44306.16,2025-03-18,FinMark BI Team
246,ENG10246,CUST1068,PROD009,2,74366.66,2025-02-12,FinMark BI Team
247,ENG10247,CUST1097,PROD002,1,39289.74,2024-12-22,FinMark BI Team
248,ENG10248,CUST1069,PROD009,3,48586.22,2022-04-14,FinMark BI Team
249,ENG10249,CUST1085,PROD009,1,33561.74,2024-05-20,FinMark BI Team
250,ENG10250,CUST1010,PROD008,2 units,58428.56,2023-10-30,FinMark BI Team
251,ENG10251,CUST1015,PROD017,2,78738.87,2022-09-30,FinMark BI Team
252,ENG10252,CUST1096,PROD001,3,56209.59,2024-10-26,FinMark BI Team
253,ENG10253,CUST1072,PROD011,2,41468.85,2025-03-16,FinMark BI Team
254,ENG10254,CUST1058,PROD008,2 units,58869.05,2022-07-03,FinMark BI Team
255,ENG10255,CUST1069,PROD010,2 units,27375.24,2024-11-17,FinMark BI Team
256,ENG10256,CUST1079,PROD007,1,73319.54,2025-02-16,FinMark BI Team
257,ENG10257,CUST1092,PROD003,3,50185.04,2022-10-20,FinMark BI Team
260,ENG10260,CUST1058,PROD005,2,57487.03,2025-05-26,FinMark BI Team
261,ENG10261,CUST1035,PROD012,1,24306.55,2022-06-26,FinMark BI Team
263,ENG10263,CUST1089,PROD019,2,34515.9,2022-02-27,FinMark BI Team
265,ENG10265,CUST1018,PROD002,2,69352.09,2022-11-04,FinMark BI Team
267,ENG10267,CUST1095,PROD019,2,53150.06,2024-09-03,FinMark BI Team
268,ENG10268,CUST1070,PROD005,3,51210.19,2025-02-02,FinMark BI Team
271,ENG10271,CUST1039,PROD017,2 units,36284.56,2023-12-01,FinMark BI Team
272,ENG10272,CUST1038,PROD010,3,49801.73,2022-03-24,FinMark BI Team
273,ENG10273,CUST1081,PROD017,3,37056.45,2025-04-24,FinMark BI Team
274,ENG10274,CUST1000,PROD015,2 units,28029.7,2022-09-09,FinMark BI Team
276,ENG10276,CUST1091,PROD016,2,23259.92,2024-03-06,FinMark BI Team
277,ENG10277,CUST1056,PROD019,2,64918.71,2024-06-15,FinMark BI Team
278,ENG10278,CUST1088,PROD008,2 units,39055.21,2022-07-29,FinMark BI Team
279,ENG10279,CUST1049,PROD017,1,20008.08,2024-03-26,FinMark BI Team
280,ENG10280,CUST1022,PROD005,2,50667.75,2023-09-01,FinMark BI Team
281,ENG10281,CUST1030,PROD016,3,22811.11,2023-03-23,FinMark BI Team
282,ENG10282,CUST1093,PROD006,1,36570.17,2023-04-05,FinMark BI Team
283,ENG10283,CUST1041,PROD008,1,62418.59,2024-08-25,FinMark BI Team
284,ENG10284,CUST1098,PROD018,2,23761.38,2023-04-17,FinMark BI Team
285,ENG10285,CUST1006,PROD012,2,70360.31,2023-01-05,FinMark BI Team
286,ENG10286,CUST1015,PROD015,1,20229.2,2024-06-18,FinMark BI Team
287,ENG10287,CUST1089,PROD009,1,34809.43,2024-07-11,FinMark BI Team
288,ENG10288,CUST1059,PROD013,2 units,64454.24,2022-05-17,FinMark BI Team
289,ENG10289,CUST1001,PROD015,3,38976.21,2023-01-02,FinMark BI Team
290,ENG10290,CUST1000,PROD010,2 units,26113.54,2024-06-30,FinMark BI Team
291,ENG10291,CUST1047,PROD016,2,41614.04,2022-07-03,FinMark BI Team
293,ENG10293,CUST1068,PROD017,2 units,70562.71,2023-04-17,FinMark BI Team
295,ENG10295,CUST1031,PROD014,2 units,67335.95,2023-10-16,FinMark BI Team
296,ENG10296,CUST1008,PROD015,3,73512.33,2024-01-19,FinMark BI Team
297,ENG10297,CUST1098,PROD007,3,46029.05,2023-06-21,FinMark BI Team
298,ENG10298,CUST1018,PROD009,1,74596.59,2024-03-12,FinMark BI Team
300,ENG10300,CUST1079,PROD016,2 units,77844.7,2024-07-08,FinMark BI Team
301,ENG10301,CUST1002,PROD008,1,25357.37,2023-05-25,FinMark BI Team
302,ENG10302,CUST1019,PROD018,1,61221.16,2023-09-22,FinMark BI Team
303,ENG10303,CUST1023,PROD018,1,49628.84,2024-09-28,FinMark BI Team
304,ENG10304,CUST1053,PROD020,3,43258.93,2025-01-01,FinMark BI Team
306,ENG10306,CUST1023,PROD003,2 units,62231.43,2024-07-04,FinMark BI Team
308,ENG10308,CUST1071,PROD010,2 units,30017.19,2024-10-30,FinMark BI Team
309,ENG10309,CUST1035,PROD007,2 units,62782.76,2025-05-19,FinMark BI Team
310,ENG10310,CUST1037,PROD017,1,59983.12,2022-06-01,FinMark BI Team
311,ENG10311,CUST1083,PROD014,2,77962.85,2024-10-25,FinMark BI Team
312,ENG10312,CUST1098,PROD003,2 units,65662.27,2025-05-03,FinMark BI Team
314,ENG10314,CUST1098,PROD013,2 units,62152.43,2023-04-09,FinMark BI Team
315,ENG10315,CUST1024,PROD002,1,37883.13,2025-02-10,FinMark BI Team
316,ENG10316,CUST1092,PROD003,3,26321.9,2022-09-28,FinMark BI Team
317,ENG10317,CUST1017,PROD005,1,66909.43,2025-04-01,FinMark BI Team
318,ENG10318,CUST1081,PROD011,2 units,58648.95,2023-04-05,FinMark BI Team
319,ENG10319,CUST1065,PROD008,3,22891.16,2022-04-15,FinMark BI Team
321,ENG10321,CUST1034,PROD007,2,77407.99,2022-06-11,FinMark BI Team
322,ENG10322,CUST1079,PROD015,3,50024.07,2022-12-17,FinMark BI Team
323,ENG10323,CUST1060,PROD017,3,45963.75,2023-03-10,FinMark BI Team
324,ENG10324,CUST1040,PROD004,1,47461.98,2024-05-01,FinMark BI Team
325,ENG10325,CUST1099,PROD013,3,32532.96,2022-05-20,FinMark BI Team
326,ENG10326,CUST1032,PROD018,1,42122.43,2025-03-01,FinMark BI Team
327,ENG10327,CUST1067,PROD001,2 units,42188.8,2022-03-28,FinMark BI Team
328,ENG10328,CUST1032,PROD016,1,23141.3,2022-07-02,FinMark BI Team
329,ENG10329,CUST1013,PROD013,3,66054.06,2023-01-03,FinMark BI Team
330,ENG10330,CUST1020,PROD010,3,44990.27,2022-05-09,FinMark BI Team
332,ENG10332,CUST1019,PROD002,3,71020.88,2023-11-01,FinMark BI Team
334,ENG10334,CUST1006,PROD010,2,59441.21,2022-05-29,FinMark BI Team
335,ENG10335,CUST1066,PROD002,2,48336.91,2024-09-11,FinMark BI Team
336,ENG10336,CUST1016,PROD013,2 units,72809.4,2024-05-01,FinMark BI Team
338,ENG10338,CUST1047,PROD018,2,60668.79,2023-09-20,FinMark BI Team
339,ENG10339,CUST1075,PROD003,1,56465.13,2023-03-22,FinMark BI Team
340,ENG10340,CUST1058,PROD007,3,37718.09,2024-06-02,FinMark BI Team
341,ENG10341,CUST1085,PROD014,2,28196.05,2022-10-21,FinMark BI Team
342,ENG10342,CUST1021,PROD020,2 units,59098.39,2025-03-12,FinMark BI Team
343,ENG10343,CUST1029,PROD017,2 units,64315.85,2022-09-07,FinMark BI Team
344,ENG10344,CUST1037,PROD012,2 units,38937.64,2024-05-27,FinMark BI Team
345,ENG10345,CUST1050,PROD016,2,58689.96,2024-08-05,FinMark BI Team
346,ENG10346,CUST1053,PROD012,1,43707.85,2024-09-01,FinMark BI Team
348,ENG10348,CUST1026,PROD010,1,31952.92,2024-11-14,FinMark BI Team
349,ENG10349,CUST1026,PROD007,1,73412.9,2024-02-28,FinMark BI Team
350,ENG10350,CUST1097,PROD020,3,37244.58,2024-09-10,FinMark BI Team
351,ENG10351,CUST1020,PROD005,3,42067.16,2024-06-07,FinMark BI Team
352,ENG10352,CUST1029,PROD001,2,23485.52,2024-06-08,FinMark BI Team
353,ENG10353,CUST1096,PROD017,2,26690.73,2022-03-11,FinMark BI Team
354,ENG10354,CUST1027,PROD003,2,50951.71,2023-09-17,FinMark BI Team
355,ENG10355,CUST1063,PROD013,2,36055.56,2024-05-24,FinMark BI Team
356,ENG10356,CUST1096,PROD014,2,70128.81,2025-02-09,FinMark BI Team
359,ENG10359,CUST1047,PROD018,2,40240.73,2023-04-16,FinMark BI Team
360,ENG10360,CUST1018,PROD005,2,21159.66,2022-04-01,FinMark BI Team
361,ENG10361,CUST1003,PROD016,1,27462.1,2023-06-14,FinMark BI Team
362,ENG10362,CUST1034,PROD001,2,44818.56,2023-10-23,FinMark BI Team
363,ENG10363,CUST1063,PROD014,1,49571.88,2024-01-09,FinMark BI Team
364,ENG10364,CUST1048,PROD015,1,44257.38,2023-12-27,FinMark BI Team
365,ENG10365,CUST1016,PROD009,3,51856.26,2024-05-21,FinMark BI Team
366,ENG10366,CUST1043,PROD015,2 units,55707.9,2022-07-11,FinMark BI Team
368,ENG10368,CUST1029,PROD004,2 units,47845.71,2022-05-18,FinMark BI Team
369,ENG10369,CUST1092,PROD012,2 units,77809.95,2022-12-11,FinMark BI Team
370,ENG10370,CUST1045,PROD005,2 units,51141.94,2025-04-18,FinMark BI Team
371,ENG10371,CUST1005,PROD005,2,60652.54,2024-10-05,FinMark BI Team
372,ENG10372,CUST1098,PROD011,3,38711.83,2023-05-18,FinMark BI Team
373,ENG10373,CUST1036,PROD006,2 units,66439.48,2022-07-22,FinMark BI Team
374,ENG10374,CUST1023,PROD007,1,66375.29,2023-07-27,FinMark BI Team
375,ENG10375,CUST1092,PROD014,2,51277.76,2022-07-11,FinMark BI Team
376,ENG10376,CUST1045,PROD011,3,78560.83,2022-01-05,FinMark BI Team
378,ENG10378,CUST1094,PROD002,1,21016.86,2022-11-07,FinMark BI Team
379,ENG10379,CUST1098,PROD007,3,66209.49,2023-07-03,FinMark BI Team
380,ENG10380,CUST1059,PROD020,3,68429.33,2022-02-25,FinMark BI Team
381,ENG10381,CUST1096,PROD004,2,27212.43,2023-03-19,FinMark BI Team
383,ENG10383,CUST1084,PROD020,2,21053.14,2024-05-19,FinMark BI Team
384,ENG10384,CUST1031,PROD019,2 units,37598.52,2025-05-05,FinMark BI Team
385,ENG10385,CUST1086,PROD013,2,66388.51,2023-08-08,FinMark BI Team
386,ENG10386,CUST1032,PROD014,1,51077.63,2024-01-22,FinMark BI Team
387,ENG10387,CUST1066,PROD010,2,40885.74,2022-12-26,FinMark BI Team
388,ENG10388,CUST1017,PROD011,1,42304.36,2024-03-29,FinMark BI Team
389,ENG10389,CUST1024,PROD002,2,20081.22,2022-01-30,FinMark BI Team
390,ENG10390,CUST1094,PROD009,3,37988.03,2022-04-18,FinMark BI Team
391,ENG10391,CUST1053,PROD017,2 units,58787.52,2024-04-23,FinMark BI Team
392,ENG10392,CUST1057,PROD003,1,78451.67,2023-12-18,FinMark BI Team
393,ENG10393,CUST1066,PROD006,2,70823.65,2024-06-09,FinMark BI Team
394,ENG10394,CUST1045,PROD005,2,21415.7,2024-08-17,FinMark BI Team
395,ENG10395,CUST1023,PROD005,2,73913.64,2024-06-11,FinMark BI Team
396,ENG10396,CUST1031,PROD015,3,66991.9,2024-01-02,FinMark BI Team
397,ENG10397,CUST1046,PROD017,3,66822.57,2023-08-29,FinMark BI Team
398,ENG10398,CUST1085,PROD009,1,47479.75,2023-04-02,FinMark BI Team
399,ENG10399,CUST1022,PROD003,1,43880.32,2023-09-07,FinMark BI Team
400,ENG10400,CUST1065,PROD020,3,38174.94,2023-11-29,FinMark BI Team
401,ENG10401,CUST1026,PROD017,1,23941.69,2023-11-05,FinMark BI Team
403,ENG10403,CUST1089,PROD003,2 units,34796.22,2023-06-27,FinMark BI Team
404,ENG10404,CUST1016,PROD018,3,49044.62,2024-05-06,FinMark BI Team
405,ENG10405,CUST1032,PROD018,1,64846.66,2024-06-15,FinMark BI Team
406,ENG10406,CUST1008,PROD017,2,48428.59,2022-10-05,FinMark BI Team
407,ENG10407,CUST1042,PROD003,2 units,23470.67,2023-07-06,FinMark BI Team
408,ENG10408,CUST1047,PROD003,3,77467.39,2022-04-21,FinMark BI Team
409,ENG10409,CUST1038,PROD006,1,76563.46,2023-01-20,FinMark BI Team
410,ENG10410,CUST1092,PROD013,3,67111.37,2024-01-31,FinMark BI Team
411,ENG10411,CUST1041,PROD015,2,79479.67,2025-04-29,FinMark BI Team
412,ENG10412,CUST1025,PROD009,2 units,52668.94,2023-11-25,FinMark BI Team
414,ENG10414,CUST1049,PROD014,3,24536.3,2023-02-09,FinMark BI Team
416,ENG10416,CUST1023,PROD002,2,33522.88,2025-05-17,FinMark BI Team
417,ENG10417,CUST1012,PROD011,3,31749.99,2022-01-22,FinMark BI Team
418,ENG10418,CUST1059,PROD009,2,28448.18,2023-11-09,FinMark BI Team
419,ENG10419,CUST1006,PROD003,2,57344.82,2023-09-03,FinMark BI Team
420,ENG10420,CUST1056,PROD009,2,66879.31,2025-05-16,FinMark BI Team
421,ENG10421,CUST1035,PROD003,2 units,54697.9,2022-01-08,FinMark BI Team
422,ENG10422,CUST1044,PROD002,2 units,28817.76,2023-12-03,FinMark BI Team
423,ENG10423,CUST1019,PROD012,3,68667.43,2023-06-13,FinMark BI Team
424,ENG10424,CUST1064,PROD010,3,58157.28,2023-08-25,FinMark BI Team
425,ENG10425,CUST1007,PROD009,2 units,43289.94,2023-10-19,FinMark BI Team
426,ENG10426,CUST1015,PROD015,1,60447.82,2022-06-15,FinMark BI Team
427,ENG10427,CUST1013,PROD008,2 units,35594.3,2024-04-28,FinMark BI Team
428,ENG10428,CUST1075,PROD005,2,40711.53,2023-05-11,FinMark BI Team
429,ENG10429,CUST1086,PROD011,2 units,75049.15,2023-08-13,FinMark BI Team
430,ENG10430,CUST1014,PROD002,2,37430.27,2023-03-05,FinMark BI Team
431,ENG10431,CUST1091,PROD015,3,48199.3,2024-02-13,FinMark BI Team
432,ENG10432,CUST1097,PROD006,1,73408.47,2022-06-12,FinMark BI Team
433,ENG10433,CUST1065,PROD008,3,62463.28,2023-01-01,FinMark BI Team
435,ENG10435,CUST1086,PROD016,2,28838.18,2022-03-13,FinMark BI Team
436,ENG10436,CUST1062,PROD018,2,20470.5,2023-10-17,FinMark BI Team
437,ENG10437,CUST1085,PROD006,1,57855.31,2022-09-26,FinMark BI Team
438,ENG10438,CUST1050,PROD005,2 units,46860.41,2023-02-19,FinMark BI Team
440,ENG10440,CUST1057,PROD013,3,77476.05,2024-10-12,FinMark BI Team
441,ENG10441,CUST1062,PROD005,2 units,51779.58,2023-11-06,FinMark BI Team
442,ENG10442,CUST1061,PROD013,3,34513.6,2024-12-19,FinMark BI Team
443,ENG10443,CUST1021,PROD017,1,50036.21,2022-01-06,FinMark BI Team
444,ENG10444,CUST1057,PROD018,3,60777.22,2024-09-08,FinMark BI Team
445,ENG10445,CUST1057,PROD008,2,24574.35,2023-07-24,FinMark BI Team
446,ENG10446,CUST1085,PROD013,2 units,36482.23,2023-02-11,FinMark BI Team
447,ENG10447,CUST1048,PROD019,1,68417.93,2025-05-25,FinMark BI Team
448,ENG10448,CUST1051,PROD003,2 units,47579.89,2022-01-26,FinMark BI Team
449,ENG10449,CUST1041,PROD008,1,52794.63,2024-10-25,FinMark BI Team
450,ENG10450,CUST1069,PROD002,2,45968.96,2024-09-12,FinMark BI Team
451,ENG10451,CUST1014,PROD008,2 units,22634.0,2023-01-25,FinMark BI Team
452,ENG10452,CUST1053,PROD013,3,29944.99,2023-12-11,FinMark BI Team
453,ENG10453,CUST1059,PROD013,1,46732.5,2023-07-25,FinMark BI Team
454,ENG10454,CUST1096,PROD001,2 units,32551.13,2024-01-24,FinMark BI Team
455,ENG10455,CUST1007,PROD006,3,22998.74,2022-05-26,FinMark BI Team
457,ENG10457,CUST1059,PROD016,2 units,78871.55,2024-02-24,FinMark BI Team
459,ENG10459,CUST1067,PROD001,1,71227.1,2023-06-10,FinMark BI Team
460,ENG10460,CUST1005,PROD016,3,34518.63,2022-01-13,FinMark BI Team
461,ENG10461,CUST1095,PROD009,2,77637.62,2024-06-21,FinMark BI Team
462,ENG10462,CUST1093,PROD013,1,31815.54,2023-01-19,FinMark BI Team
463,ENG10463,CUST1046,PROD011,1,77085.79,2023-07-10,FinMark BI Team
464,ENG10464,CUST1098,PROD013,1,79689.16,2024-06-05,FinMark BI Team
466,ENG10466,CUST1039,PROD004,3,78868.62,2022-01-19,FinMark BI Team
467,ENG10467,CUST1051,PROD006,3,54172.39,2023-07-29,FinMark BI Team
468,ENG10468,CUST1015,PROD007,3,35572.51,2024-01-21,FinMark BI Team
469,ENG10469,CUST1012,PROD005,2 units,46219.75,2024-09-30,FinMark BI Team
470,ENG10470,CUST1029,PROD011,2 units,55613.66,2023-02-23,FinMark BI Team
472,ENG10472,CUST1016,PROD019,2,57340.6,2023-02-23,FinMark BI Team
473,ENG10473,CUST1062,PROD010,2 units,78870.67,2022-05-02,FinMark BI Team
474,ENG10474,CUST1018,PROD010,2,31406.46,2023-03-08,FinMark BI Team
475,ENG10475,CUST1091,PROD011,3,67555.71,2022-02-13,FinMark BI Team
477,ENG10477,CUST1054,PROD018,2 units,76622.1,2023-01-16,FinMark BI Team
478,ENG10478,CUST1089,PROD004,1,77608.14,2022-05-25,FinMark BI Team
480,ENG10480,CUST1061,PROD014,3,78638.47,2022-12-29,FinMark BI Team
481,ENG10481,CUST1022,PROD013,1,65438.61,2024-12-09,FinMark BI Team
482,ENG10482,CUST1008,PROD012,1,29700.29,2024-12-24,FinMark BI Team
483,ENG10483,CUST1011,PROD007,3,48614.01,2022-12-21,FinMark BI Team
484,ENG10484,CUST1000,PROD002,1,63099.87,2024-03-10,FinMark BI Team
485,ENG10485,CUST1057,PROD013,2,34840.42,2025-04-02,FinMark BI Team
486,ENG10486,CUST1000,PROD014,2,58436.91,2025-03-10,FinMark BI Team
487,ENG10487,CUST1033,PROD017,2 units,59996.03,2024-04-05,FinMark BI Team
488,ENG10488,CUST1095,PROD009,1,29761.98,2025-02-25,FinMark BI Team
489,ENG10489,CUST1047,PROD017,2 units,53905.12,2023-02-02,FinMark BI Team
490,ENG10490,CUST1088,PROD008,1,66297.61,2024-05-29,FinMark BI Team
491,ENG10491,CUST1000,PROD002,2,49933.74,2023-04-08,FinMark BI Team
492,ENG10492,CUST1015,PROD013,2,20726.19,2024-03-18,FinMark BI Team
493,ENG10493,CUST1060,PROD003,2,20542.31,2022-07-06,FinMark BI Team
494,ENG10494,CUST1063,PROD016,1,41421.76,2024-01-02,FinMark BI Team
495,ENG10495,CUST1062,PROD006,2,75571.64,2025-04-28,FinMark BI Team
497,ENG10497,CUST1021,PROD007,2 units,58061.82,2023-03-05,FinMark BI Team
498,ENG10498,CUST1092,PROD010,1,33324.55,2024-05-07,FinMark BI Team
500,ENG10500,CUST1075,PROD002,1,70882.53,2022-08-25,FinMark BI Team
501,ENG10501,CUST1025,PROD015,2 units,63731.69,2025-05-02,FinMark BI Team
503,ENG10503,CUST1050,PROD004,2 units,45722.12,2024-02-10,FinMark BI Team
504,ENG10504,CUST1085,PROD020,2,21750.19,2024-01-28,FinMark BI Team
505,ENG10505,CUST1056,PROD004,2,48853.41,2022-05-16,FinMark BI Team
506,ENG10506,CUST1028,PROD018,2 units,59746.04,2024-03-02,FinMark BI Team
507,ENG10507,CUST1077,PROD004,1,27110.16,2022-06-20,FinMark BI Team
508,ENG10508,CUST1091,PROD017,1,37333.1,2022-06-08,FinMark BI Team
509,ENG10509,CUST1068,PROD012,3,43870.2,2022-07-20,FinMark BI Team
510,ENG10510,CUST1046,PROD017,1,75171.86,2024-08-19,FinMark BI Team
511,ENG10511,CUST1093,PROD010,3,79595.3,2023-08-06,FinMark BI Team
512,ENG10512,CUST1061,PROD001,1,22694.68,2024-05-25,FinMark BI Team
513,ENG10513,CUST1068,PROD018,1,65660.48,2023-01-06,FinMark BI Team
514,ENG10514,CUST1075,PROD018,2,42303.44,2022-04-13,FinMark BI Team
515,ENG10515,CUST1015,PROD014,3,43547.49,2024-09-28,FinMark BI Team
516,ENG10516,CUST1089,PROD015,1,65255.9,2025-02-22,FinMark BI Team
518,ENG10518,CUST1047,PROD004,2,77055.72,2024-09-02,FinMark BI Team
519,ENG10519,CUST1084,PROD003,2,54627.36,2024-03-08,FinMark BI Team
521,ENG10521,CUST1099,PROD012,2,67252.95,2023-10-20,FinMark BI Team
522,ENG10522,CUST1032,PROD007,2 units,35060.08,2024-05-31,FinMark BI Team
523,ENG10523,CUST1093,PROD011,2 units,53844.44,2025-05-05,FinMark BI Team
524,ENG10524,CUST1022,PROD001,2,41514.71,2024-01-03,FinMark BI Team
525,ENG10525,CUST1009,PROD006,2 units,59397.86,2023-02-27,FinMark BI Team
526,ENG10526,CUST1068,PROD015,1,34423.93,2023-07-26,FinMark BI Team
527,ENG10527,CUST1099,PROD015,3,31495.58,2022-06-20,FinMark BI Team
529,ENG10529,CUST1051,PROD011,3,26108.22,2022-06-22,FinMark BI Team
530,ENG10530,CUST1094,PROD002,2,50357.47,2023-10-25,FinMark BI Team
531,ENG10531,CUST1009,PROD014,1,33251.17,2023-03-29,FinMark BI Team
532,ENG10532,CUST1018,PROD002,2,22335.8,2022-12-16,FinMark BI Team
533,ENG10533,CUST1057,PROD004,2,22161.13,2023-05-09,FinMark BI Team
534,ENG10534,CUST1095,PROD017,3,30513.31,2023-09-12,FinMark BI Team
535,ENG10535,CUST1000,PROD003,3,72006.22,2024-10-24,FinMark BI Team
536,ENG10536,CUST1068,PROD013,3,36948.72,2025-01-21,FinMark BI Team
537,ENG10537,CUST1003,PROD009,1,77027.55,2024-07-07,FinMark BI Team
538,ENG10538,CUST1015,PROD007,2 units,54897.34,2022-01-06,FinMark BI Team
539,ENG10539,CUST1023,PROD015,3,46196.85,2022-10-15,FinMark BI Team
540,ENG10540,CUST1079,PROD011,3,54805.33,2025-03-15,FinMark BI Team
542,ENG10542,CUST1091,PROD002,3,65526.58,2023-08-31,FinMark BI Team
543,ENG10543,CUST1031,PROD015,1,36949.76,2023-04-02,FinMark BI Team
544,ENG10544,CUST1090,PROD014,2,41183.02,2025-05-10,FinMark BI Team
545,ENG10545,CUST1083,PROD020,3,73645.66,2025-05-20,FinMark BI Team
546,ENG10546,CUST1023,PROD011,3,76787.39,2024-10-26,FinMark BI Team
547,ENG10547,CUST1011,PROD003,2,73553.49,2023-09-16,FinMark BI Team
548,ENG10548,CUST1049,PROD017,2,45166.88,2023-01-11,FinMark BI Team
549,ENG10549,CUST1034,PROD012,2,66821.93,2023-03-23,FinMark BI Team
550,ENG10550,CUST1032,PROD015,3,48580.14,2024-04-14,FinMark BI Team
551,ENG10551,CUST1032,PROD016,2 units,49852.39,2025-02-03,FinMark BI Team
552,ENG10552,CUST1060,PROD005,2 units,32280.81,2024-03-21,FinMark BI Team
554,ENG10554,CUST1042,PROD006,3,31168.15,2025-01-24,FinMark BI Team
556,ENG10556,CUST1066,PROD005,3,71301.81,2024-08-16,FinMark BI Team
557,ENG10557,CUST1064,PROD003,2,32424.55,2024-04-28,FinMark BI Team
558,ENG10558,CUST1032,PROD001,3,24269.5,2024-03-19,FinMark BI Team
559,ENG10559,CUST1039,PROD006,3,24140.46,2024-09-05,FinMark BI Team
560,ENG10560,CUST1073,PROD015,2,76447.07,2023-02-20,FinMark BI Team
561,ENG10561,CUST1042,PROD002,2 units,50415.23,2023-12-27,FinMark BI Team
562,ENG10562,CUST1043,PROD003,2,44564.72,2023-03-30,FinMark BI Team
564,ENG10564,CUST1012,PROD012,1,70149.56,2025-05-01,FinMark BI Team
565,ENG10565,CUST1011,PROD018,2,39931.46,2022-05-30,FinMark BI Team
566,ENG10566,CUST1094,PROD015,3,61617.08,2024-01-29,FinMark BI Team
567,ENG10567,CUST1045,PROD012,1,66267.37,2024-02-18,FinMark BI Team
568,ENG10568,CUST1001,PROD016,1,59279.04,2024-08-30,FinMark BI Team
569,ENG10569,CUST1034,PROD008,3,29095.7,2024-02-02,FinMark BI Team
570,ENG10570,CUST1086,PROD014,3,72552.99,2024-09-28,FinMark BI Team
573,ENG10573,CUST1007,PROD015,2,45513.69,2022-03-17,FinMark BI Team
574,ENG10574,CUST1092,PROD014,2,22254.27,2023-08-22,FinMark BI Team
576,ENG10576,CUST1073,PROD020,1,65932.81,2022-08-13,FinMark BI Team
577,ENG10577,CUST1089,PROD007,1,20000.7,2022-04-23,FinMark BI Team
578,ENG10578,CUST1033,PROD003,3,44993.95,2022-09-08,FinMark BI Team
580,ENG10580,CUST1067,PROD003,1,23278.07,2024-04-20,FinMark BI Team
581,ENG10581,CUST1057,PROD020,2 units,78384.69,2023-12-15,FinMark BI Team
582,ENG10582,CUST1074,PROD014,2 units,33567.52,2025-01-11,FinMark BI Team
583,ENG10583,CUST1028,PROD015,2,38251.92,2022-05-05,FinMark BI Team
584,ENG10584,CUST1035,PROD014,2 units,38236.55,2025-04-13,FinMark BI Team
585,ENG10585,CUST1088,PROD007,2 units,33825.0,2024-12-28,FinMark BI Team
586,ENG10586,CUST1020,PROD017,2,20088.43,2024-12-06,FinMark BI Team
587,ENG10587,CUST1035,PROD012,3,63760.69,2024-06-02,FinMark BI Team
589,ENG10589,CUST1072,PROD004,2 units,33457.61,2022-01-30,FinMark BI Team
590,ENG10590,CUST1023,PROD009,3,59782.83,2022-10-08,FinMark BI Team
591,ENG10591,CUST1063,PROD006,3,64513.78,2024-07-12,FinMark BI Team
594,ENG10594,CUST1098,PROD008,2 units,38175.85,2023-01-03,FinMark BI Team
595,ENG10595,CUST1035,PROD011,1,39517.71,2023-05-10,FinMark BI Team
596,ENG10596,CUST1081,PROD013,2,62757.28,2024-11-14,FinMark BI Team
597,ENG10597,CUST1095,PROD017,2,69006.77,2023-12-19,FinMark BI Team
598,ENG10598,CUST1023,PROD008,3,30896.84,2024-10-13,FinMark BI Team
600,ENG10600,CUST1061,PROD018,3,74116.41,2023-08-29,FinMark BI Team
601,ENG10601,CUST1095,PROD014,2,68401.61,2023-01-10,FinMark BI Team
602,ENG10602,CUST1036,PROD015,1,79091.5,2023-10-01,FinMark BI Team
603,ENG10603,CUST1011,PROD006,1,65254.9,2024-11-14,FinMark BI Team
606,ENG10606,CUST1022,PROD001,2,59660.86,2022-04-26,FinMark BI Team
607,ENG10607,CUST1088,PROD006,1,24707.35,2022-02-17,FinMark BI Team
608,ENG10608,CUST1098,PROD009,2 units,52669.82,2022-04-09,FinMark BI Team
609,ENG10609,CUST1029,PROD008,2 units,62559.25,2023-02-09,FinMark BI Team
610,ENG10610,CUST1016,PROD011,2,30039.28,2025-05-22,FinMark BI Team
611,ENG10611,CUST1061,PROD019,1,66837.9,2023-11-16,FinMark BI Team
612,ENG10612,CUST1083,PROD009,3,55026.37,2024-06-21,FinMark BI Team
613,ENG10613,CUST1088,PROD017,1,77133.31,2023-05-18,FinMark BI Team
614,ENG10614,CUST1085,PROD012,2 units,22545.34,2024-06-12,FinMark BI Team
615,ENG10615,CUST1012,PROD014,2 units,35919.57,2022-09-15,FinMark BI Team
616,ENG10616,CUST1058,PROD015,1,56093.23,2024-04-23,FinMark BI Team
617,ENG10617,CUST1018,PROD016,1,37793.59,2022-05-01,FinMark BI Team
618,ENG10618,CUST1048,PROD020,3,62865.45,2024-03-20,FinMark BI Team
619,ENG10619,CUST1099,PROD001,3,65540.32,2024-09-04,FinMark BI Team
620,ENG10620,CUST1011,PROD010,1,26150.96,2022-02-23,FinMark BI Team
621,ENG10621,CUST1060,PROD008,1,50831.27,2024-10-15,FinMark BI Team
623,ENG10623,CUST1075,PROD001,1,42156.85,2024-02-23,FinMark BI Team
624,ENG10624,CUST1008,PROD002,2,75975.49,2022-08-29,FinMark BI Team
625,ENG10625,CUST1070,PROD001,1,69650.38,2023-04-28,FinMark BI Team
626,ENG10626,CUST1027,PROD001,3,61832.56,2024-10-09,FinMark BI Team
627,ENG10627,CUST1077,PROD009,2 units,62859.6,2022-07-06,FinMark BI Team
628,ENG10628,CUST1094,PROD013,2,47702.97,2023-10-18,FinMark BI Team
629,ENG10629,CUST1051,PROD001,1,75259.67,2022-09-19,FinMark BI Team
630,ENG10630,CUST1082,PROD013,2 units,61675.73,2024-08-10,FinMark BI Team
632,ENG10632,CUST1068,PROD007,2 units,71701.45,2023-05-06,FinMark BI Team
633,ENG10633,CUST1098,PROD002,1,36444.3,2023-03-07,FinMark BI Team
634,ENG10634,CUST1011,PROD006,1,68424.25,2022-08-27,FinMark BI Team
635,ENG10635,CUST1024,PROD007,3,31714.44,2022-10-31,FinMark BI Team
636,ENG10636,CUST1051,PROD014,1,40720.52,2022-10-25,FinMark BI Team
637,ENG10637,CUST1084,PROD018,1,40136.63,2022-03-17,FinMark BI Team
639,ENG10639,CUST1052,PROD002,3,71392.23,2024-09-25,FinMark BI Team
640,ENG10640,CUST1022,PROD010,2,62070.19,2023-10-04,FinMark BI Team
641,ENG10641,CUST1015,PROD012,2 units,63623.41,2024-04-06,FinMark BI Team
642,ENG10642,CUST1056,PROD017,1,53724.37,2022-10-10,FinMark BI Team
643,ENG10643,CUST1038,PROD008,2 units,76825.44,2023-08-14,FinMark BI Team
644,ENG10644,CUST1052,PROD011,2,49775.53,2022-03-13,FinMark BI Team
646,ENG10646,CUST1057,PROD006,1,29782.12,2023-12-04,FinMark BI Team
647,ENG10647,CUST1038,PROD009,2,67172.34,2023-07-29,FinMark BI Team
648,ENG10648,CUST1013,PROD006,2,64066.64,2024-09-26,FinMark BI Team
649,ENG10649,CUST1094,PROD009,2,43061.3,2024-06-10,FinMark BI Team
650,ENG10650,CUST1004,PROD007,2,21511.6,2022-01-12,FinMark BI Team
651,ENG10651,CUST1034,PROD009,2,70339.84,2022-05-21,FinMark BI Team
652,ENG10652,CUST1086,PROD018,1,20685.08,2022-01-17,FinMark BI Team
653,ENG10653,CUST1092,PROD012,2,62221.99,2024-12-22,FinMark BI Team
654,ENG10654,CUST1074,PROD008,1,78215.43,2022-09-10,FinMark BI Team
655,ENG10655,CUST1017,PROD008,1,46259.68,2023-04-10,FinMark BI Team
656,ENG10656,CUST1075,PROD018,2,34098.4,2023-01-11,FinMark BI Team
657,ENG10657,CUST1008,PROD020,2,62292.26,2024-09-07,FinMark BI Team
658,ENG10658,CUST1073,PROD015,3,69027.69,2023-06-04,FinMark BI Team
659,ENG10659,CUST1057,PROD007,1,52785.82,2022-03-31,FinMark BI Team
660,ENG10660,CUST1016,PROD011,2,78022.12,2023-12-21,FinMark BI Team
661,ENG10661,CUST1006,PROD020,2,23100.12,2024-03-14,FinMark BI Team
662,ENG10662,CUST1045,PROD016,2,50287.74,2024-03-06,FinMark BI Team
663,ENG10663,CUST1012,PROD004,3,63107.24,2023-09-22,FinMark BI Team
664,ENG10664,CUST1039,PROD006,3,71758.43,2025-04-13,FinMark BI Team
665,ENG10665,CUST1041,PROD003,2 units,30755.34,2022-03-17,FinMark BI Team
666,ENG10666,CUST1008,PROD009,1,68000.21,2024-07-14,FinMark BI Team
667,ENG10667,CUST1049,PROD010,2 units,53162.42,2023-02-04,FinMark BI Team
668,ENG10668,CUST1026,PROD014,2,43793.22,2024-08-27,FinMark BI Team
669,ENG10669,CUST1065,PROD011,3,27902.9,2024-12-30,FinMark BI Team
670,ENG10670,CUST1004,PROD018,3,71917.75,2025-04-18,FinMark BI Team
671,ENG10671,CUST1028,PROD012,2 units,29436.39,2025-02-21,FinMark BI Team
674,ENG10674,CUST1082,PROD013,3,72284.84,2024-03-07,FinMark BI Team
675,ENG10675,CUST1007,PROD019,2 units,60362.18,2022-07-14,FinMark BI Team
676,ENG10676,CUST1064,PROD019,2,67800.88,2022-08-16,FinMark BI Team
679,ENG10679,CUST1070,PROD013,2 units,54304.76,2023-04-06,FinMark BI Team
680,ENG10680,CUST1088,PROD008,2 units,69969.82,2023-09-10,FinMark BI Team
681,ENG10681,CUST1044,PROD019,1,74365.22,2024-11-10,FinMark BI Team
682,ENG10682,CUST1003,PROD012,3,20729.41,2022-03-05,FinMark BI Team
683,ENG10683,CUST1035,PROD018,3,60441.2,2022-06-14,FinMark BI Team
684,ENG10684,CUST1069,PROD006,2 units,23110.15,2022-01-27,FinMark BI Team
686,ENG10686,CUST1018,PROD019,3,37257.96,2024-10-08,FinMark BI Team
687,ENG10687,CUST1060,PROD005,2,38406.6,2022-10-12,FinMark BI Team
688,ENG10688,CUST1053,PROD009,2 units,41177.51,2022-10-08,FinMark BI Team
689,ENG10689,CUST1038,PROD003,3,57277.55,2024-04-17,FinMark BI Team
690,ENG10690,CUST1090,PROD010,2,40043.0,2024-04-10,FinMark BI Team
691,ENG10691,CUST1073,PROD019,3,63961.94,2025-04-02,FinMark BI Team
692,ENG10692,CUST1089,PROD003,2,44271.64,2024-07-06,FinMark BI Team
693,ENG10693,CUST1018,PROD015,2 units,24101.19,2022-08-12,FinMark BI Team
694,ENG10694,CUST1038,PROD001,3,67025.59,2024-02-23,FinMark BI Team
695,ENG10695,CUST1066,PROD007,3,37145.5,2025-03-15,FinMark BI Team
696,ENG10696,CUST1044,PROD012,1,45966.01,2024-08-22,FinMark BI Team
697,ENG10697,CUST1012,PROD017,2 units,61126.63,2024-08-07,FinMark BI Team
698,ENG10698,CUST1091,PROD020,2,39947.37,2024-11-19,FinMark BI Team
699,ENG10699,CUST1057,PROD005,3,23395.14,2022-02-14,FinMark BI Team
700,ENG10700,CUST1019,PROD004,3,42435.26,2023-04-16,FinMark BI Team
701,ENG10701,CUST1091,PROD012,2,76666.91,2022-02-03,FinMark BI Team
702,ENG10702,CUST1071,PROD020,2 units,58504.06,2023-10-15,FinMark BI Team
704,ENG10704,CUST1038,PROD017,1,57936.93,2024-04-09,FinMark BI Team
705,ENG10705,CUST1000,PROD019,3,31939.53,2022-08-09,FinMark BI Team
706,ENG10706,CUST1002,PROD009,2,45100.03,2023-06-18,FinMark BI Team
707,ENG10707,CUST1076,PROD004,3,65056.39,2023-11-23,FinMark BI Team
709,ENG10709,CUST1061,PROD004,1,36671.17,2024-07-20,FinMark BI Team
710,ENG10710,CUST1062,PROD002,2 units,36579.15,2024-04-20,FinMark BI Team
711,ENG10711,CUST1024,PROD015,2,45921.14,2024-10-07,FinMark BI Team
712,ENG10712,CUST1055,PROD002,1,78822.12,2023-08-05,FinMark BI Team
713,ENG10713,CUST1032,PROD004,3,24050.15,2025-02-13,FinMark BI Team
714,ENG10714,CUST1037,PROD006,2,51122.06,2022-08-27,FinMark BI Team
716,ENG10716,CUST1057,PROD010,3,78240.59,2023-03-17,FinMark BI Team
717,ENG10717,CUST1043,PROD019,3,26798.21,2022-05-28,FinMark BI Team
718,ENG10718,CUST1044,PROD019,1,44216.06,2024-10-29,FinMark BI Team
720,ENG10720,CUST1044,PROD003,3,62273.27,2023-01-23,FinMark BI Team
721,ENG10721,CUST1060,PROD013,2 units,45363.72,2024-12-09,FinMark BI Team
722,ENG10722,CUST1046,PROD018,2,40791.45,2024-07-04,FinMark BI Team
723,ENG10723,CUST1020,PROD008,2 units,43856.74,2023-09-30,FinMark BI Team
724,ENG10724,CUST1079,PROD015,3,35856.58,2022-10-05,FinMark BI Team
725,ENG10725,CUST1084,PROD001,2 units,32319.98,2024-09-15,FinMark BI Team
727,ENG10727,CUST1035,PROD008,2 units,36112.03,2023-08-12,FinMark BI Team
728,ENG10728,CUST1098,PROD004,2,37247.7,2023-10-11,FinMark BI Team
729,ENG10729,CUST1018,PROD016,2 units,59405.36,2023-09-10,FinMark BI Team
730,ENG10730,CUST1019,PROD010,2 units,78112.24,2022-05-15,FinMark BI Team
731,ENG10731,CUST1056,PROD012,1,56218.23,2023-08-03,FinMark BI Team
732,ENG10732,CUST1017,PROD014,2 units,24618.77,2025-03-16,FinMark BI Team
733,ENG10733,CUST1046,PROD014,2 units,24535.02,2023-05-05,FinMark BI Team
734,ENG10734,CUST1048,PROD002,3,77085.39,2023-04-23,FinMark BI Team
735,ENG10735,CUST1013,PROD005,3,37837.45,2025-03-28,FinMark BI Team
736,ENG10736,CUST1014,PROD005,2,25524.02,2023-01-19,FinMark BI Team
737,ENG10737,CUST1030,PROD006,3,55942.68,2022-06-12,FinMark BI Team
738,ENG10738,CUST1000,PROD013,3,57418.93,2023-03-17,FinMark BI Team
739,ENG10739,CUST1053,PROD009,3,58910.29,2025-04-27,FinMark BI Team
740,ENG10740,CUST1002,PROD015,3,36044.12,2023-02-19,FinMark BI Team
742,ENG10742,CUST1086,PROD007,3,77900.92,2025-04-19,FinMark BI Team
743,ENG10743,CUST1056,PROD020,1,35053.58,2022-10-15,FinMark BI Team
744,ENG10744,CUST1074,PROD002,1,60561.58,2022-07-06,FinMark BI Team
745,ENG10745,CUST1011,PROD007,3,62397.79,2025-03-07,FinMark BI Team
746,ENG10746,CUST1073,PROD006,2 units,56600.45,2022-05-10,FinMark BI Team
747,ENG10747,CUST1095,PROD017,1,38774.44,2022-07-13,FinMark BI Team
748,ENG10748,CUST1015,PROD002,2 units,36265.78,2022-11-12,FinMark BI Team
749,ENG10749,CUST1071,PROD003,2 units,55860.1,2022-05-24,FinMark BI Team
750,ENG10750,CUST1075,PROD005,3,71965.74,2022-01-16,FinMark BI Team
752,ENG10752,CUST1027,PROD001,3,26354.35,2023-02-27,FinMark BI Team
753,ENG10753,CUST1007,PROD008,2,29289.72,2022-09-02,FinMark BI Team
754,ENG10754,CUST1091,PROD012,2,76684.18,2024-07-15,FinMark BI Team
755,ENG10755,CUST1035,PROD004,3,64192.11,2025-02-04,FinMark BI Team
756,ENG10756,CUST1089,PROD013,3,72979.63,2025-01-16,FinMark BI Team
757,ENG10757,CUST1007,PROD015,2,32157.96,2022-05-09,FinMark BI Team
758,ENG10758,CUST1057,PROD011,3,55255.15,2024-06-25,FinMark BI Team
759,ENG10759,CUST1059,PROD010,2,62068.38,2024-06-05,FinMark BI Team
760,ENG10760,CUST1049,PROD003,2 units,60806.71,2022-12-07,FinMark BI Team
761,ENG10761,CUST1027,PROD014,3,44489.1,2022-01-04,FinMark BI Team
764,ENG10764,CUST1099,PROD010,2 units,35186.09,2022-11-02,FinMark BI Team
765,ENG10765,CUST1063,PROD012,2 units,47015.25,2024-06-26,FinMark BI Team
766,ENG10766,CUST1026,PROD009,2,77454.86,2023-08-30,FinMark BI Team
769,ENG10769,CUST1072,PROD020,2,31312.44,2024-09-18,FinMark BI Team
770,ENG10770,CUST1032,PROD008,1,60347.63,2022-11-17,FinMark BI Team
771,ENG10771,CUST1083,PROD011,3,78620.42,2023-07-13,FinMark BI Team
772,ENG10772,CUST1076,PROD012,1,26113.59,2025-04-19,FinMark BI Team
773,ENG10773,CUST1091,PROD001,2 units,20499.2,2023-09-10,FinMark BI Team
774,ENG10774,CUST1028,PROD020,3,46014.97,2023-12-12,FinMark BI Team
776,ENG10776,CUST1045,PROD005,1,64903.06,2025-02-05,FinMark BI Team
777,ENG10777,CUST1034,PROD015,3,74872.92,2023-06-15,FinMark BI Team
778,ENG10778,CUST1005,PROD005,3,46041.26,2023-02-14,FinMark BI Team
780,ENG10780,CUST1068,PROD005,2 units,46064.2,2024-03-28,FinMark BI Team
781,ENG10781,CUST1046,PROD017,1,63406.87,2025-04-09,FinMark BI Team
783,ENG10783,CUST1065,PROD012,2,55367.24,2023-05-08,FinMark BI Team
784,ENG10784,CUST1009,PROD015,2,56797.5,2025-05-03,FinMark BI Team
785,ENG10785,CUST1055,PROD015,2,58261.29,2022-01-12,FinMark BI Team
786,ENG10786,CUST1029,PROD006,2,34521.32,2022-07-14,FinMark BI Team
787,ENG10787,CUST1004,PROD012,2 units,62843.16,2023-05-05,FinMark BI Team
788,ENG10788,CUST1032,PROD020,3,25483.49,2024-03-05,FinMark BI Team
789,ENG10789,CUST1064,PROD018,1,31956.22,2024-05-30,FinMark BI Team
790,ENG10790,CUST1017,PROD014,3,72648.2,2022-07-01,FinMark BI Team
791,ENG10791,CUST1095,PROD002,2 units,64323.39,2024-08-19,FinMark BI Team
792,ENG10792,CUST1048,PROD009,2,20824.73,2023-10-18,FinMark BI Team
794,ENG10794,CUST1084,PROD020,3,32864.39,2023-11-25,FinMark BI Team
795,ENG10795,CUST1025,PROD001,1,36248.38,2022-01-30,FinMark BI Team
796,ENG10796,CUST1062,PROD003,2 units,34853.59,2025-01-24,FinMark BI Team
798,ENG10798,CUST1085,PROD005,2 units,47536.43,2024-02-17,FinMark BI Team
799,ENG10799,CUST1058,PROD005,1,63964.01,2023-03-20,FinMark BI Team
800,ENG10800,CUST1026,PROD001,1,56403.9,2022-10-25,FinMark BI Team
801,ENG10801,CUST1048,PROD017,2,60372.3,2024-03-18,FinMark BI Team
802,ENG10802,CUST1076,PROD019,1,24868.95,2024-04-24,FinMark BI Team
803,ENG10803,CUST1032,PROD014,2,77089.44,2024-10-12,FinMark BI Team
806,ENG10806,CUST1000,PROD020,2,69379.03,2023-07-08,FinMark BI Team
807,ENG10807,CUST1020,PROD018,2,75962.63,2022-10-30,FinMark BI Team
808,ENG10808,CUST1054,PROD011,2 units,52655.24,2023-02-25,FinMark BI Team
811,ENG10811,CUST1080,PROD007,3,64572.89,2022-07-04,FinMark BI Team
812,ENG10812,CUST1068,PROD015,2 units,64275.04,2023-04-13,FinMark BI Team
813,ENG10813,CUST1094,PROD011,1,51286.94,2024-01-24,FinMark BI Team
814,ENG10814,CUST1004,PROD018,1,24107.52,2022-12-29,FinMark BI Team
816,ENG10816,CUST1052,PROD006,1,75246.0,2022-12-02,FinMark BI Team
817,ENG10817,CUST1022,PROD020,3,55066.93,2022-06-11,FinMark BI Team
818,ENG10818,CUST1052,PROD013,1,52299.92,2025-03-29,FinMark BI Team
820,ENG10820,CUST1073,PROD016,2,42106.94,2022-01-12,FinMark BI Team
822,ENG10822,CUST1082,PROD010,2,59987.78,2025-01-01,FinMark BI Team
823,ENG10823,CUST1016,PROD008,2,67243.22,2023-08-11,FinMark BI Team
824,ENG10824,CUST1084,PROD018,1,47260.73,2022-07-20,FinMark BI Team
825,ENG10825,CUST1077,PROD001,2 units,57814.83,2023-06-06,FinMark BI Team
826,ENG10826,CUST1072,PROD008,1,34903.02,2023-05-20,FinMark BI Team
827,ENG10827,CUST1000,PROD006,3,62327.65,2024-02-27,FinMark BI Team
828,ENG10828,CUST1050,PROD005,1,45656.08,2024-11-28,FinMark BI Team
829,ENG10829,CUST1044,PROD015,1,46552.73,2022-03-01,FinMark BI Team
830,ENG10830,CUST1076,PROD015,3,58959.34,2023-08-01,FinMark BI Team
831,ENG10831,CUST1003,PROD002,2,76176.84,2022-11-17,FinMark BI Team
834,ENG10834,CUST1031,PROD010,2 units,37542.99,2024-07-11,FinMark BI Team
836,ENG10836,CUST1091,PROD018,3,21314.8,2023-07-23,FinMark BI Team
837,ENG10837,CUST1094,PROD017,1,38062.76,2025-01-06,FinMark BI Team
838,ENG10838,CUST1071,PROD008,2 units,50157.87,2025-05-02,FinMark BI Team
840,ENG10840,CUST1025,PROD008,2 units,49465.74,2023-06-11,FinMark BI Team
841,ENG10841,CUST1033,PROD017,3,75626.64,2023-06-08,FinMark BI Team
842,ENG10842,CUST1053,PROD012,3,26323.59,2023-09-05,FinMark BI Team
843,ENG10843,CUST1002,PROD008,1,65866.44,2025-03-25,FinMark BI Team
845,ENG10845,CUST1011,PROD004,3,59310.42,2022-05-05,FinMark BI Team
846,ENG10846,CUST1064,PROD001,2,35614.2,2024-05-20,FinMark BI Team
847,ENG10847,CUST1053,PROD001,2,29569.54,2022-10-07,FinMark BI Team
848,ENG10848,CUST1004,PROD019,2 units,29627.76,2024-07-05,FinMark BI Team
849,ENG10849,CUST1093,PROD016,3,24229.52,2023-09-14,FinMark BI Team
850,ENG10850,CUST1093,PROD014,3,31138.8,2024-04-25,FinMark BI Team
851,ENG10851,CUST1056,PROD016,2,59853.16,2023-11-05,FinMark BI Team
852,ENG10852,CUST1016,PROD005,2,72901.44,2025-02-25,FinMark BI Team
853,ENG10853,CUST1046,PROD009,3,68847.54,2022-11-10,FinMark BI Team
854,ENG10854,CUST1022,PROD002,1,61108.06,2022-11-28,FinMark BI Team
855,ENG10855,CUST1078,PROD018,3,26625.91,2025-03-19,FinMark BI Team
856,ENG10856,CUST1084,PROD006,3,37351.25,2022-02-05,FinMark BI Team
858,ENG10858,CUST1065,PROD001,2,34997.42,2024-11-11,FinMark BI Team
859,ENG10859,CUST1074,PROD009,1,50900.34,2022-07-25,FinMark BI Team
860,ENG10860,CUST1050,PROD016,1,52133.23,2023-10-01,FinMark BI Team
861,ENG10861,CUST1037,PROD013,2 units,41413.16,2024-04-27,FinMark BI Team
863,ENG10863,CUST1097,PROD013,2,69713.34,2023-03-16,FinMark BI Team
864,ENG10864,CUST1037,PROD009,1,67357.57,2023-12-30,FinMark BI Team
865,ENG10865,CUST1049,PROD011,2 units,38467.75,2025-01-24,FinMark BI Team
866,ENG10866,CUST1097,PROD004,2 units,74827.31,2024-07-29,FinMark BI Team
867,ENG10867,CUST1081,PROD002,2,77168.9,2022-06-13,FinMark BI Team
868,ENG10868,CUST1029,PROD006,2,39604.55,2022-05-28,FinMark BI Team
869,ENG10869,CUST1078,PROD014,2 units,41265.5,2022-10-21,FinMark BI Team
870,ENG10870,CUST1090,PROD004,1,50338.05,2022-07-14,FinMark BI Team
871,ENG10871,CUST1050,PROD006,2 units,76467.25,2023-10-25,FinMark BI Team
872,ENG10872,CUST1062,PROD019,3,72579.17,2023-04-25,FinMark BI Team
873,ENG10873,CUST1097,PROD006,3,26154.08,2022-05-03,FinMark BI Team
875,ENG10875,CUST1037,PROD018,1,53202.27,2023-11-30,FinMark BI Team
876,ENG10876,CUST1096,PROD013,1,50187.95,2024-08-22,FinMark BI Team
877,ENG10877,CUST1087,PROD009,3,31631.78,2023-10-23,FinMark BI Team
878,ENG10878,CUST1078,PROD019,2 units,71529.01,2025-02-01,FinMark BI Team
879,ENG10879,CUST1029,PROD013,2,60616.45,2023-12-11,FinMark BI Team
880,ENG10880,CUST1050,PROD011,2 units,70274.5,2023-01-31,FinMark BI Team
881,ENG10881,CUST1080,PROD001,2 units,71525.86,2024-06-30,FinMark BI Team
883,ENG10883,CUST1028,PROD015,1,46352.64,2024-10-01,FinMark BI Team
884,ENG10884,CUST1003,PROD001,3,56632.81,2025-03-11,FinMark BI Team
885,ENG10885,CUST1009,PROD012,1,29621.92,2022-11-13,FinMark BI Team
887,ENG10887,CUST1016,PROD015,2,30755.2,2023-11-12,FinMark BI Team
889,ENG10889,CUST1016,PROD001,2 units,33775.89,2023-05-10,FinMark BI Team
890,ENG10890,CUST1083,PROD017,3,27053.08,2023-07-10,FinMark BI Team
891,ENG10891,CUST1087,PROD017,3,29917.07,2023-09-02,FinMark BI Team
892,ENG10892,CUST1068,PROD003,3,20119.53,2022-04-19,FinMark BI Team
893,ENG10893,CUST1033,PROD012,2 units,63124.38,2023-01-07,FinMark BI Team
894,ENG10894,CUST1005,PROD006,2 units,63944.06,2024-05-04,FinMark BI Team
895,ENG10895,CUST1052,PROD011,2,50896.0,2023-09-08,FinMark BI Team
896,ENG10896,CUST1065,PROD003,1,29681.77,2024-02-07,FinMark BI Team
897,ENG10897,CUST1076,PROD008,3,25013.26,2022-07-25,FinMark BI Team
898,ENG10898,CUST1042,PROD014,3,21147.74,2024-04-26,FinMark BI Team
899,ENG10899,CUST1074,PROD014,1,29944.89,2022-02-12,FinMark BI Team
900,ENG10900,CUST1022,PROD010,3,73451.33,2024-05-14,FinMark BI Team
904,ENG10904,CUST1074,PROD003,2 units,33341.68,2024-02-24,FinMark BI Team
905,ENG10905,CUST1015,PROD008,2 units,51153.47,2023-04-21,FinMark BI Team
906,ENG10906,CUST1007,PROD016,3,56465.16,2022-03-24,FinMark BI Team
907,ENG10907,CUST1003,PROD002,2,34721.14,2025-02-07,FinMark BI Team
908,ENG10908,CUST1003,PROD006,1,23463.93,2022-07-09,FinMark BI Team
909,ENG10909,CUST1055,PROD012,2 units,43461.97,2024-03-10,FinMark BI Team
910,ENG10910,CUST1024,PROD005,2,34052.2,2024-07-24,FinMark BI Team
911,ENG10911,CUST1066,PROD002,2 units,33173.24,2022-09-08,FinMark BI Team
912,ENG10912,CUST1095,PROD016,2 units,77591.77,2022-10-18,FinMark BI Team
913,ENG10913,CUST1066,PROD005,1,56978.03,2025-05-09,FinMark BI Team
914,ENG10914,CUST1026,PROD015,2 units,53412.71,2022-11-22,FinMark BI Team
916,ENG10916,CUST1031,PROD004,1,45736.66,2024-04-16,FinMark BI Team
917,ENG10917,CUST1049,PROD015,1,52454.3,2023-05-23,FinMark BI Team
918,ENG10918,CUST1060,PROD011,2,61785.79,2024-01-01,FinMark BI Team
919,ENG10919,CUST1050,PROD016,3,62128.77,2022-03-13,FinMark BI Team
921,ENG10921,CUST1020,PROD014,3,50006.77,2023-10-03,FinMark BI Team
922,ENG10922,CUST1004,PROD018,3,44717.49,2024-07-28,FinMark BI Team
923,ENG10923,CUST1081,PROD012,1,72231.62,2023-08-31,FinMark BI Team
924,ENG10924,CUST1091,PROD011,2 units,57885.14,2023-07-20,FinMark BI Team
926,ENG10926,CUST1060,PROD011,2 units,26923.68,2022-02-23,FinMark BI Team
927,ENG10927,CUST1021,PROD016,3,56338.27,2023-06-12,FinMark BI Team
928,ENG10928,CUST1020,PROD015,1,27032.23,2023-09-03,FinMark BI Team
929,ENG10929,CUST1069,PROD015,2 units,40232.39,2022-07-12,FinMark BI Team
930,ENG10930,CUST1000,PROD004,2,28570.52,2022-02-27,FinMark BI Team
932,ENG10932,CUST1011,PROD019,1,32375.13,2025-02-08,FinMark BI Team
933,ENG10933,CUST1089,PROD015,2,43511.56,2022-05-09,FinMark BI Team
934,ENG10934,CUST1045,PROD004,2 units,73740.49,2023-12-07,FinMark BI Team
935,ENG10935,CUST1033,PROD013,2 units,32258.98,2024-05-01,FinMark BI Team
937,ENG10937,CUST1077,PROD002,2 units,45156.3,2022-01-08,FinMark BI Team
938,ENG10938,CUST1089,PROD014,2 units,21087.44,2022-01-29,FinMark BI Team
939,ENG10939,CUST1044,PROD004,2,67565.49,2025-02-09,FinMark BI Team
940,ENG10940,CUST1026,PROD016,3,24142.75,2024-08-04,FinMark BI Team
941,ENG10941,CUST1072,PROD020,2,48455.3,2022-05-11,FinMark BI Team
942,ENG10942,CUST1025,PROD014,2,53640.7,2022-07-07,FinMark BI Team
943,ENG10943,CUST1046,PROD015,2,57705.59,2023-12-10,FinMark BI Team
945,ENG10945,CUST1055,PROD008,1,35196.34,2025-05-12,FinMark BI Team
946,ENG10946,CUST1093,PROD016,3,20598.73,2022-07-31,FinMark BI Team
947,ENG10947,CUST1062,PROD010,2,63406.62,2022-10-03,FinMark BI Team
948,ENG10948,CUST1047,PROD004,2 units,52139.4,2025-01-01,FinMark BI Team
949,ENG10949,CUST1060,PROD018,2 units,70167.06,2022-08-31,FinMark BI Team
950,ENG10950,CUST1080,PROD002,2,69283.3,2025-01-30,FinMark BI Team
951,ENG10951,CUST1025,PROD017,2 units,70599.57,2024-09-13,FinMark BI Team
952,ENG10952,CUST1035,PROD013,2,49105.68,2023-11-16,FinMark BI Team
953,ENG10953,CUST1000,PROD004,2 units,40017.7,2022-06-20,FinMark BI Team
954,ENG10954,CUST1007,PROD011,3,67493.49,2023-10-15,FinMark BI Team
955,ENG10955,CUST1098,PROD007,1,47077.65,2022-07-07,FinMark BI Team
956,ENG10956,CUST1051,PROD012,1,31006.53,2025-01-14,FinMark BI Team
957,ENG10957,CUST1078,PROD010,3,71298.44,2022-02-21,FinMark BI Team
958,ENG10958,CUST1046,PROD007,3,72953.59,2022-04-21,FinMark BI Team
959,ENG10959,CUST1055,PROD013,2,47978.59,2024-05-26,FinMark BI Team
960,ENG10960,CUST1085,PROD007,2,24541.98,2024-12-02,FinMark BI Team
961,ENG10961,CUST1013,PROD017,2,43269.57,2022-07-30,FinMark BI Team
962,ENG10962,CUST1089,PROD010,2 units,68212.26,2025-05-08,FinMark BI Team
963,ENG10963,CUST1027,PROD010,2,74106.44,2024-05-07,FinMark BI Team
964,ENG10964,CUST1086,PROD004,3,32208.36,2023-09-19,FinMark BI Team
965,ENG10965,CUST1077,PROD020,1,24018.42,2024-11-15,FinMark BI Team
966,ENG10966,CUST1087,PROD004,2 units,72641.03,2022-10-26,FinMark BI Team
967,ENG10967,CUST1001,PROD007,2,43364.3,2025-01-05,FinMark BI Team
968,ENG10968,CUST1025,PROD001,2 units,52505.66,2024-07-12,FinMark BI Team
969,ENG10969,CUST1013,PROD012,2 units,78083.95,2022-05-17,FinMark BI Team
970,ENG10970,CUST1058,PROD013,2,23993.88,2024-11-09,FinMark BI Team
971,ENG10971,CUST1055,PROD010,2 units,58899.08,2023-03-16,FinMark BI Team
972,ENG10972,CUST1006,PROD015,1,24446.33,2022-07-30,FinMark BI Team
973,ENG10973,CUST1002,PROD013,3,42528.14,2024-01-22,FinMark BI Team
974,ENG10974,CUST1022,PROD009,3,68228.87,2023-03-11,FinMark BI Team
975,ENG10975,CUST1017,PROD009,1,46008.33,2024-02-19,FinMark BI Team
976,ENG10976,CUST1037,PROD015,2 units,79830.94,2025-05-15,FinMark BI Team
977,ENG10977,CUST1098,PROD010,2,53543.56,2023-03-15,FinMark BI Team
978,ENG10978,CUST1014,PROD010,2 units,39269.73,2023-10-28,FinMark BI Team
979,ENG10979,CUST1063,PROD008,1,33206.68,2024-12-01,FinMark BI Team
980,ENG10980,CUST1088,PROD016,2 units,41031.23,2023-02-15,FinMark BI Team
981,ENG10981,CUST1027,PROD017,3,42352.0,2024-03-16,FinMark BI Team
982,ENG10982,CUST1073,PROD005,2 units,24122.82,2023-09-02,FinMark BI Team
983,ENG10983,CUST1038,PROD004,1,42174.45,2023-03-03,FinMark BI Team
985,ENG10985,CUST1016,PROD019,2 units,63364.27,2024-06-20,FinMark BI Team
986,ENG10986,CUST1085,PROD004,2 units,59403.77,2024-07-30,FinMark BI Team
987,ENG10987,CUST1089,PROD007,3,62525.94,2024-01-12,FinMark BI Team
989,ENG10989,CUST1024,PROD018,3,33060.04,2025-05-28,FinMark BI Team
991,ENG10991,CUST1012,PROD004,1,49039.36,2022-11-24,FinMark BI Team
992,ENG10992,CUST1083,PROD010,1,20318.81,2022-02-21,FinMark BI Team
993,ENG10993,CUST1024,PROD001,3,68269.68,2023-01-11,FinMark BI Team
994,ENG10994,CUST1067,PROD018,3,66368.57,2022-09-20,FinMark BI Team
995,ENG10995,CUST1009,PROD005,1,52905.15,2022-09-24,FinMark BI Team
996,ENG10996,CUST1066,PROD015,2,23987.8,2022-12-25,FinMark BI Team
999,ENG10999,CUST1085,PROD012,1,66917.6,2023-10-14,FinMark BI Team
1001,ENG11001,CUST1007,PROD001,3,68180.12,2022-02-15,FinMark BI Team
1002,ENG11002,CUST1039,PROD017,1,51080.48,2023-08-23,FinMark BI Team
1003,ENG11003,CUST1082,PROD016,2,28419.47,2023-12-21,FinMark BI Team
1005,ENG11005,CUST1040,PROD015,1,57228.43,2023-08-24,FinMark BI Team
1006,ENG11006,CUST1005,PROD003,2 units,64535.19,2023-01-16,FinMark BI Team
1007,ENG11007,CUST1051,PROD007,1,30192.86,2022-04-28,FinMark BI Team
1008,ENG11008,CUST1025,PROD011,2 units,31698.51,2022-04-26,FinMark BI Team
1009,ENG11009,CUST1063,PROD010,2,73424.57,2022-09-17,FinMark BI Team
1010,ENG11010,CUST1097,PROD009,2,64998.67,2025-01-03,FinMark BI Team
1011,ENG11011,CUST1058,PROD014,1,74493.71,2022-11-01,FinMark BI Team
1012,ENG11012,CUST1055,PROD013,3,65522.92,2022-01-07,FinMark BI Team
1013,ENG11013,CUST1058,PROD002,2 units,55829.32,2023-01-01,FinMark BI Team
1014,ENG11014,CUST1069,PROD003,3,59247.96,2023-06-07,FinMark BI Team
1016,ENG11016,CUST1052,PROD018,3,54728.41,2025-05-23,FinMark BI Team
1017,ENG11017,CUST1021,PROD003,2,57943.48,2023-03-05,FinMark BI Team
1018,ENG11018,CUST1020,PROD010,1,29388.6,2024-03-01,FinMark BI Team
1019,ENG11019,CUST1069,PROD007,1,48435.27,2024-01-17,FinMark BI Team
1020,ENG11020,CUST1069,PROD009,2,62983.83,2023-01-02,FinMark BI Team
1021,ENG11021,CUST1003,PROD017,2,36256.56,2022-11-09,FinMark BI Team
1022,ENG11022,CUST1093,PROD011,1,32135.25,2023-06-22,FinMark BI Team
1023,ENG11023,CUST1074,PROD007,3,38829.61,2024-07-09,FinMark BI Team
1024,ENG11024,CUST1061,PROD014,2 units,34490.04,2024-12-13,FinMark BI Team
1025,ENG11025,CUST1061,PROD019,2 units,32894.76,2024-05-14,FinMark BI Team
1026,ENG11026,CUST1093,PROD004,2 units,45491.05,2025-04-02,FinMark BI Team
1027,ENG11027,CUST1094,PROD006,3,74470.31,2024-02-21,FinMark BI Team
1028,ENG11028,CUST1023,PROD010,1,50423.58,2022-11-30,FinMark BI Team
1029,ENG11029,CUST1054,PROD007,2,31275.22,2024-03-08,FinMark BI Team
1030,ENG11030,CUST1008,PROD013,1,24618.3,2022-12-14,FinMark BI Team
1031,ENG11031,CUST1002,PROD014,3,61769.37,2022-09-30,FinMark BI Team
1032,ENG11032,CUST1030,PROD004,2,42967.93,2024-08-20,FinMark BI Team
1033,ENG11033,CUST1039,PROD008,3,69309.86,2023-12-21,FinMark BI Team
1035,ENG11035,CUST1023,PROD001,2 units,67774.49,2023-05-15,FinMark BI Team
1036,ENG11036,CUST1094,PROD004,3,36316.76,2025-01-21,FinMark BI Team
1037,ENG11037,CUST1005,PROD003,2,61541.54,2023-11-16,FinMark BI Team
1038,ENG11038,CUST1065,PROD009,2,35843.72,2022-03-20,FinMark BI Team
1039,ENG11039,CUST1083,PROD008,1,76344.11,2023-09-14,FinMark BI Team
1040,ENG11040,CUST1091,PROD001,2 units,58182.46,2025-05-25,FinMark BI Team
1041,ENG11041,CUST1074,PROD006,1,39470.71,2024-08-04,FinMark BI Team
1042,ENG11042,CUST1003,PROD009,1,36170.71,2022-12-24,FinMark BI Team
1043,ENG11043,CUST1078,PROD007,3,31455.6,2023-09-10,FinMark BI Team
1044,ENG11044,CUST1005,PROD004,3,61678.46,2023-05-22,FinMark BI Team
1045,ENG11045,CUST1093,PROD013,1,33122.94,2025-04-19,FinMark BI Team
1046,ENG11046,CUST1050,PROD017,2 units,55718.2,2023-07-30,FinMark BI Team
1048,ENG11048,CUST1056,PROD005,1,59718.14,2022-09-01,FinMark BI Team
1049,ENG11049,CUST1065,PROD012,1,68896.38,2023-05-21,FinMark BI Team
1050,ENG11050,CUST1078,PROD008,1,66681.51,2023-02-26,FinMark BI Team
1052,ENG11052,CUST1007,PROD008,1,31263.34,2025-01-15,FinMark BI Team
1053,ENG11053,CUST1025,PROD018,1,25303.1,2022-08-05,FinMark BI Team
1055,ENG11055,CUST1044,PROD012,2 units,42100.83,2024-10-05,FinMark BI Team
1056,ENG11056,CUST1043,PROD003,1,45940.77,2025-04-07,FinMark BI Team
1057,ENG11057,CUST1004,PROD006,2,21868.95,2022-11-26,FinMark BI Team
1058,ENG11058,CUST1069,PROD002,3,35574.59,2023-10-12,FinMark BI Team
1059,ENG11059,CUST1025,PROD012,3,22020.58,2023-01-26,FinMark BI Team
1060,ENG11060,CUST1067,PROD002,1,72751.15,2023-01-16,FinMark BI Team
1062,ENG11062,CUST1083,PROD017,1,53440.23,2024-01-12,FinMark BI Team
1063,ENG11063,CUST1096,PROD003,2 units,22338.76,2024-03-30,FinMark BI Team
1064,ENG11064,CUST1019,PROD002,2 units,60010.84,2023-11-04,FinMark BI Team
1065,ENG11065,CUST1011,PROD020,3,39381.64,2023-05-28,FinMark BI Team
1066,ENG11066,CUST1046,PROD008,3,73875.15,2024-08-06,FinMark BI Team
1067,ENG11067,CUST1000,PROD012,2,73287.09,2025-04-26,FinMark BI Team
1068,ENG11068,CUST1089,PROD004,3,39517.44,2024-07-18,FinMark BI Team
1069,ENG11069,CUST1013,PROD005,2,74057.65,2024-07-01,FinMark BI Team
1070,ENG11070,CUST1063,PROD013,2 units,79769.46,2023-10-06,FinMark BI Team
1071,ENG11071,CUST1037,PROD015,2 units,69524.94,2023-03-03,FinMark BI Team
1072,ENG11072,CUST1036,PROD016,1,70692.28,2023-05-17,FinMark BI Team
1073,ENG11073,CUST1010,PROD010,2 units,34940.52,2023-12-31,FinMark BI Team
1075,ENG11075,CUST1076,PROD012,3,24035.35,2022-03-12,FinMark BI Team
1076,ENG11076,CUST1002,PROD017,1,25695.08,2023-04-23,FinMark BI Team
1077,ENG11077,CUST1032,PROD016,2,79933.56,2025-04-16,FinMark BI Team
1078,ENG11078,CUST1005,PROD012,3,39598.35,2023-04-02,FinMark BI Team
1079,ENG11079,CUST1049,PROD008,1,64891.03,2022-07-08,FinMark BI Team
1080,ENG11080,CUST1009,PROD020,2 units,68399.9,2022-10-18,FinMark BI Team
1081,ENG11081,CUST1004,PROD003,2,71481.4,2024-07-08,FinMark BI Team
1082,ENG11082,CUST1022,PROD016,3,79857.7,2022-10-19,FinMark BI Team
1083,ENG11083,CUST1009,PROD013,1,34489.79,2024-01-26,FinMark BI Team
1085,ENG11085,CUST1001,PROD008,2 units,44671.49,2023-01-12,FinMark BI Team
1086,ENG11086,CUST1012,PROD005,3,27804.84,2025-03-25,FinMark BI Team
1087,ENG11087,CUST1039,PROD020,2 units,21345.55,2023-05-23,FinMark BI Team
1089,ENG11089,CUST1083,PROD012,3,67024.3,2023-06-12,FinMark BI Team
1091,ENG11091,CUST1062,PROD020,3,38766.68,2023-07-13,FinMark BI Team
1092,ENG11092,CUST1072,PROD006,2,59260.52,2025-04-25,FinMark BI Team
1093,ENG11093,CUST1016,PROD018,3,33921.09,2024-11-20,FinMark BI Team
1094,ENG11094,CUST1008,PROD008,1,20862.89,2022-09-17,FinMark BI Team
1095,ENG11095,CUST1074,PROD007,2 units,65861.2,2023-02-25,FinMark BI Team
1096,ENG11096,CUST1014,PROD001,2,57424.59,2022-10-31,FinMark BI Team
1097,ENG11097,CUST1023,PROD016,3,65738.16,2024-07-30,FinMark BI Team
1098,ENG11098,CUST1037,PROD012,2,22336.28,2024-11-28,FinMark BI Team
1099,ENG11099,CUST1034,PROD006,3,70227.18,2023-06-26,FinMark BI Team
1101,ENG11101,CUST1094,PROD002,2 units,53803.72,2025-05-11,FinMark BI Team
1102,ENG11102,CUST1048,PROD014,2 units,57476.84,2024-12-25,FinMark BI Team
1103,ENG11103,CUST1068,PROD004,1,71865.99,2022-04-18,FinMark BI Team
1104,ENG11104,CUST1061,PROD001,1,55216.19,2022-09-25,FinMark BI Team
1105,ENG11105,CUST1059,PROD018,3,54857.02,2022-08-10,FinMark BI Team
1106,ENG11106,CUST1049,PROD013,2 units,79440.75,2025-01-18,FinMark BI Team
1107,ENG11107,CUST1077,PROD002,2,65403.81,2023-11-24,FinMark BI Team
1108,ENG11108,CUST1074,PROD009,2,46537.63,2022-09-12,FinMark BI Team
1109,ENG11109,CUST1008,PROD002,2,62443.82,2022-09-10,FinMark BI Team
1110,ENG11110,CUST1033,PROD009,1,43353.83,2022-09-14,FinMark BI Team
1111,ENG11111,CUST1075,PROD001,2,33732.53,2023-01-18,FinMark BI Team
1112,ENG11112,CUST1098,PROD011,1,55811.11,2023-03-18,FinMark BI Team
1113,ENG11113,CUST1034,PROD003,1,75690.93,2023-08-22,FinMark BI Team
1114,ENG11114,CUST1000,PROD020,3,75748.37,2025-01-18,FinMark BI Team
1115,ENG11115,CUST1039,PROD004,2,40514.32,2023-01-25,FinMark BI Team
1116,ENG11116,CUST1063,PROD018,2,51660.65,2023-08-05,FinMark BI Team
1117,ENG11117,CUST1021,PROD006,2 units,32698.15,2024-12-03,FinMark BI Team
1118,ENG11118,CUST1059,PROD003,3,79737.87,2023-08-21,FinMark BI Team
1119,ENG11119,CUST1063,PROD011,2 units,78867.07,2022-01-19,FinMark BI Team
1120,ENG11120,CUST1092,PROD015,3,58970.54,2025-01-29,FinMark BI Team
1121,ENG11121,CUST1071,PROD005,2,68264.84,2023-08-30,FinMark BI Team
1123,ENG11123,CUST1013,PROD010,1,55589.49,2022-02-02,FinMark BI Team
1125,ENG11125,CUST1029,PROD015,1,47285.86,2024-05-11,FinMark BI Team
1126,ENG11126,CUST1034,PROD017,1,60487.18,2022-06-04,FinMark BI Team
1128,ENG11128,CUST1036,PROD006,3,42387.36,2024-06-23,FinMark BI Team
1130,ENG11130,CUST1082,PROD013,2 units,30041.42,2023-02-09,FinMark BI Team
1131,ENG11131,CUST1077,PROD003,3,50021.57,2024-04-23,FinMark BI Team
1132,ENG11132,CUST1025,PROD010,1,61453.04,2025-03-30,FinMark BI Team
1133,ENG11133,CUST1061,PROD014,3,61828.15,2024-01-17,FinMark BI Team
1134,ENG11134,CUST1003,PROD006,3,58918.34,2025-02-14,FinMark BI Team
1135,ENG11135,CUST1088,PROD003,1,36517.29,2022-09-28,FinMark BI Team
1136,ENG11136,CUST1041,PROD016,1,29372.39,2024-02-09,FinMark BI Team
1137,ENG11137,CUST1088,PROD007,1,58156.42,2022-06-21,FinMark BI Team
1138,ENG11138,CUST1017,PROD020,2,55958.13,2022-10-01,FinMark BI Team
1139,ENG11139,CUST1039,PROD014,1,30761.36,2022-09-16,FinMark BI Team
1140,ENG11140,CUST1071,PROD009,2,62308.35,2025-03-04,FinMark BI Team
1141,ENG11141,CUST1038,PROD015,1,47310.32,2023-02-26,FinMark BI Team
1143,ENG11143,CUST1031,PROD002,3,70242.02,2025-04-24,FinMark BI Team
1144,ENG11144,CUST1050,PROD002,2 units,30183.71,2022-12-30,FinMark BI Team
1145,ENG11145,CUST1037,PROD003,3,21148.69,2023-01-13,FinMark BI Team
1146,ENG11146,CUST1096,PROD018,3,66746.16,2023-08-03,FinMark BI Team
1147,ENG11147,CUST1022,PROD014,1,56581.85,2024-06-09,FinMark BI Team
1148,ENG11148,CUST1062,PROD020,2,61978.37,2023-12-23,FinMark BI Team
1149,ENG11149,CUST1014,PROD018,2 units,70289.3,2025-05-04,FinMark BI Team
1150,ENG11150,CUST1096,PROD010,1,68168.66,2024-05-30,FinMark BI Team
1151,ENG11151,CUST1024,PROD002,1,77655.21,2025-01-26,FinMark BI Team
1152,ENG11152,CUST1016,PROD001,1,52156.1,2023-08-28,FinMark BI Team
1153,ENG11153,CUST1096,PROD004,3,49309.74,2022-01-22,FinMark BI Team
1154,ENG11154,CUST1065,PROD014,2,44113.23,2025-04-10,FinMark BI Team
1155,ENG11155,CUST1077,PROD001,2,29221.46,2023-01-18,FinMark BI Team
1156,ENG11156,CUST1052,PROD014,2 units,54356.43,2022-05-14,FinMark BI Team
1158,ENG11158,CUST1038,PROD014,2,75278.45,2024-11-14,FinMark BI Team
1159,ENG11159,CUST1050,PROD020,1,54991.45,2023-05-18,FinMark BI Team
1160,ENG11160,CUST1069,PROD003,1,55570.41,2025-04-23,FinMark BI Team
1161,ENG11161,CUST1005,PROD003,3,41295.48,2025-01-13,FinMark BI Team
1162,ENG11162,CUST1066,PROD009,1,23119.36,2022-05-24,FinMark BI Team
1164,ENG11164,CUST1050,PROD013,1,45400.11,2022-08-12,FinMark BI Team
1165,ENG11165,CUST1071,PROD002,1,25073.92,2022-08-08,FinMark BI Team
1166,ENG11166,CUST1041,PROD008,3,56410.82,2022-06-28,FinMark BI Team
1167,ENG11167,CUST1063,PROD002,1,72858.38,2023-03-09,FinMark BI Team
1168,ENG11168,CUST1014,PROD004,2 units,72974.89,2022-09-22,FinMark BI Team
1169,ENG11169,CUST1028,PROD015,2 units,59542.72,2024-08-11,FinMark BI Team
1170,ENG11170,CUST1032,PROD004,2 units,32673.91,2023-03-05,FinMark BI Team
1171,ENG11171,CUST1093,PROD013,2 units,71779.81,2023-02-20,FinMark BI Team
1172,ENG11172,CUST1026,PROD012,1,73165.61,2023-12-28,FinMark BI Team
1173,ENG11173,CUST1035,PROD013,2 units,31799.22,2022-07-16,FinMark BI Team
1174,ENG11174,CUST1028,PROD014,1,64245.57,2024-12-12,FinMark BI Team
1175,ENG11175,CUST1037,PROD020,3,37191.17,2023-04-25,FinMark BI Team
1178,ENG11178,CUST1026,PROD011,2 units,21801.56,2024-06-08,FinMark BI Team
1179,ENG11179,CUST1054,PROD002,2 units,73841.95,2024-07-13,FinMark BI Team
1180,ENG11180,CUST1032,PROD019,1,57357.83,2022-05-03,FinMark BI Team
1183,ENG11183,CUST1065,PROD019,1,70843.28,2024-02-17,FinMark BI Team
1184,ENG11184,CUST1009,PROD002,1,23743.64,2022-12-14,FinMark BI Team
1185,ENG11185,CUST1004,PROD010,3,40116.74,2022-01-29,FinMark BI Team
1186,ENG11186,CUST1073,PROD002,3,24020.99,2024-09-01,FinMark BI Team
1187,ENG11187,CUST1096,PROD011,2 units,78520.59,2022-02-04,FinMark BI Team
1189,ENG11189,CUST1012,PROD015,3,71152.85,2023-09-15,FinMark BI Team
1191,ENG11191,CUST1046,PROD019,1,25106.21,2023-08-12,FinMark BI Team
1193,ENG11193,CUST1087,PROD003,1,24262.09,2025-03-16,FinMark BI Team
1194,ENG11194,CUST1051,PROD009,3,32647.59,2024-12-26,FinMark BI Team
1195,ENG11195,CUST1055,PROD014,1,33761.95,2024-06-22,FinMark BI Team
1196,ENG11196,CUST1014,PROD019,3,48146.43,2023-06-04,FinMark BI Team
1197,ENG11197,CUST1028,PROD007,1,36113.73,2022-05-02,FinMark BI Team
1198,ENG11198,CUST1007,PROD016,1,26058.69,2022-12-06,FinMark BI Team
1199,ENG11199,CUST1004,PROD016,2,30049.47,2022-06-24,FinMark BI Team
